{"assets":{"2D53B0B489DFAB45DEC0B1FE53E3AD3E":{"type":"texture","index":8,"assetRequest":{"type":"slide","state":"contents","slide":"none"},"url":{"native":"assets\/F854CBBA-D407-418D-A5F0-E34100FB7522.pdf"},"width":1920,"height":1080},"AA97B998E794C7CF01F2FC273C33331E":{"type":"texture","index":3,"assetRequest":{"type":"slide","state":"contents","slide":"none"},"url":{"native":"assets\/F854CBBA-D407-418D-A5F0-E34100FB7522.pdf"},"width":18,"height":19},"1222F7F12D2D7DC3C4D9E71F5148A750":{"type":"texture","index":4,"assetRequest":{"type":"slide","state":"contents","slide":"none"},"url":{"native":"assets\/F854CBBA-D407-418D-A5F0-E34100FB7522.pdf"},"width":645,"height":529},"C25C25FF361FB24FC35F6B120D2F252D":{"type":"texture","index":0,"assetRequest":{"type":"slide","state":"contents","slide":"none"},"url":{"native":"assets\/F854CBBA-D407-418D-A5F0-E34100FB7522.pdf"},"width":1920,"height":1080},"1252A478EA8FA3D0712E12B9F5B22336":{"type":"texture","index":5,"assetRequest":{"type":"slide","state":"contents","slide":"none"},"url":{"native":"assets\/F854CBBA-D407-418D-A5F0-E34100FB7522.pdf"},"width":780,"height":150},"4B46C5B8AFCAD1F0CAC18A3E7DFF4627":{"type":"texture","index":1,"assetRequest":{"type":"slide","state":"contents","slide":"none"},"url":{"native":"assets\/F854CBBA-D407-418D-A5F0-E34100FB7522.pdf"},"width":748,"height":858},"4A9C7C679AA99C972F7342FC3AC9BD40":{"type":"texture","index":2,"assetRequest":{"type":"slide","state":"contents","slide":"none"},"url":{"native":"assets\/F854CBBA-D407-418D-A5F0-E34100FB7522.pdf"},"width":1042,"height":66},"A85C65FA621D2FDB972E8704FFD410B8":{"type":"texture","index":7,"assetRequest":{"type":"slide","state":"contents","slide":"none"},"url":{"native":"assets\/F854CBBA-D407-418D-A5F0-E34100FB7522.pdf"},"width":1920,"height":1080},"357B30BA3E6654FC1A73F6C1C06AA8AD":{"type":"texture","index":6,"assetRequest":{"type":"slide","state":"contents","slide":"none"},"url":{"native":"assets\/F854CBBA-D407-418D-A5F0-E34100FB7522.pdf"},"width":741,"height":41}},"events":[{"effects":[{"beginTime":0,"baseLayer":{"animations":[],"initialState":{"affineTransform":[1,0,0,1,0,0],"masksToBounds":false,"rotation":0,"scale":1,"position":{"pointX":1339.472412109375,"pointY":797.908447265625},"width":780,"sublayerTransform":[1,0,0,0,0,1,0,0,0,0,1,0,0,0,0,1],"contentsRect":{"y":0,"x":0,"width":1,"height":1},"opacity":1,"edgeAntialiasingMask":251658240,"height":150,"hidden":false,"anchorPoint":{"pointX":0.5,"pointY":0.5}},"objectID":"DBDFEEED-F588-4616-AE7B-F3FFE2CF9CFF","layers":[{"animations":[],"initialState":{"affineTransform":[1,0,0,1,0,0],"masksToBounds":false,"rotation":0,"scale":1,"position":{"pointX":10.527587890625,"pointY":-182.908447265625},"width":780,"sublayerTransform":[1,0,0,0,0,1,0,0,0,0,1,-0.00035007912466775983,0,0,0,1],"contentsRect":{"y":0,"x":0,"width":1,"height":1},"opacity":1,"edgeAntialiasingMask":251658240,"height":150,"hidden":false,"anchorPoint":{"pointX":0.013496907552083333,"pointY":-1.2193896484375}},"layers":[{"animations":[{"additive":false,"timeOffset":0,"beginTime":1e-100,"repeatCount":0,"fillMode":"both","duration":0.01,"autoreverses":false,"animations":[{"additive":false,"timeOffset":0,"beginTime":0,"from":{"scalar":true},"repeatCount":0,"fillMode":"both","duration":0.0001,"autoreverses":false,"property":"hidden","to":{"scalar":false},"removedOnCompletion":true},{"additive":false,"timeOffset":0,"beginTime":0.0001,"from":{"scalar":false},"repeatCount":0,"fillMode":"forwards","duration":0.0099000000000000008,"autoreverses":false,"property":"hidden","to":{"scalar":false},"removedOnCompletion":true}],"removedOnCompletion":false}],"layers":[],"texturedRectangle":{"isBackgroundTexture":true,"singleTextureOpacity":1,"textureType":5,"textBaseline":0,"textXHeight":0,"isVerticalText":false},"initialState":{"affineTransform":[1,0,0,1,0,0],"masksToBounds":false,"rotation":0,"scale":1,"position":{"pointX":388.527587890625,"pointY":73.091552734375},"width":780,"sublayerTransform":[1,0,0,0,0,1,0,0,0,0,1,0,0,0,0,1],"contentsRect":{"y":0,"x":0,"width":1,"height":1},"opacity":1,"edgeAntialiasingMask":0,"height":150,"hidden":true,"anchorPoint":{"pointX":0.5,"pointY":0.5}},"texture":"1252A478EA8FA3D0712E12B9F5B22336"}]}]},"effects":[],"duration":0.01,"type":"buildIn","attributes":{"direction":0},"name":"apple:appear","objectID":"DBDFEEED-F588-4616-AE7B-F3FFE2CF9CFF"}],"automaticPlay":false,"hyperlinks":[],"accessibility":[{"text":"Linear SVM: problem formulation","targetRectangle":{"y":4,"x":40,"width":1047.48,"height":84}},{"text":"equation.pdf","targetRectangle":{"y":662.42232538160863,"x":253.43987548289937,"width":27.0841121495327,"height":54.168334074109566}},{"text":"equation.pdf","targetRectangle":{"y":899.17969075653025,"x":273.7918754828994,"width":37.77583626168223,"height":56.758093825088622}},{"text":"equation.pdf","targetRectangle":{"y":545.12699565374953,"x":681.8398754828994,"width":39.109457943925236,"height":54.168334074109566}},{"text":"equation.pdf","targetRectangle":{"y":232.81027984619141,"x":1386.9682922363281,"width":18.236878912997327,"height":19.407868843200788}},{"text":"equation.pdf","targetRectangle":{"y":722.908447265625,"x":949.472412109375,"width":776.89367969100931,"height":37.217160000000035}},{"text":"equation.pdf","targetRectangle":{"y":256.68531036376953,"x":1490.9014282226562,"width":18.468000000000075,"height":12.824999999999989}},{"text":"Objective: maximize the geometric “margin” between the separating hyperplane and the points that lay closest to that plane.","targetRectangle":{"y":134,"x":49.833209452015581,"width":739.82399999999996,"height":232}},{"text":"Key concepts: ","targetRectangle":{"y":366,"x":85.833209452015581,"width":306,"height":58}},{"text":"A hyperplane can be characterized by a vector,￼, that is orthogonal to it, and a bias, ￼, expressing its distance from the origin.","targetRectangle":{"y":482,"x":143.99987548289937,"width":650.36411214953262,"height":292.5906594557182}},{"text":"The distance, ￼, from any point, ￼, to ￼ has a nice closed form solution.","targetRectangle":{"y":832.5906594557182,"x":143.99987548289937,"width":654.83921495327104,"height":181.34712512590067}},{"text":"equation.pdf","targetRectangle":{"y":837.71765510946784,"x":473.71187548289942,"width":106.00721495327099,"height":56.335039993312876}},{"text":"equation.pdf","targetRectangle":{"y":899.17969075653025,"x":386.0957119887222,"width":39.109457943925236,"height":54.168334074109566}},{"text":"equation.pdf","targetRectangle":{"y":270.78583526611328,"x":1334.5020446777344,"width":13.742999180853303,"height":18.629998889565456}},{"text":"equation.pdf","targetRectangle":{"y":778.87685012817383,"x":1175.9781494140625,"width":237.579465870273,"height":90.310674144995232}},{"text":"￼","targetRectangle":{"y":1022.7800302505493,"x":1893.5739821628085,"width":14.91599999999994,"height":26}}],"baseLayer":{"animations":[],"initialState":{"affineTransform":[1,0,0,1,0,0],"masksToBounds":false,"rotation":0,"scale":1,"position":{"pointX":960,"pointY":540},"width":1920,"sublayerTransform":[1,0,0,0,0,1,0,0,0,0,1,0,0,0,0,1],"contentsRect":{"y":0,"x":0,"width":1,"height":1},"opacity":1,"edgeAntialiasingMask":251658240,"height":1080,"hidden":false,"anchorPoint":{"pointX":0.5,"pointY":0.5}},"layers":[{"animations":[],"initialState":{"affineTransform":[1,0,0,1,0,0],"masksToBounds":false,"rotation":0,"scale":1,"position":{"pointX":960,"pointY":540},"width":1920,"sublayerTransform":[1,0,0,0,0,1,0,0,0,0,1,0,0,0,0,1],"contentsRect":{"y":0,"x":0,"width":1,"height":1},"opacity":1,"edgeAntialiasingMask":251658240,"height":1080,"hidden":false,"anchorPoint":{"pointX":0.5,"pointY":0.5}},"layers":[{"animations":[],"initialState":{"affineTransform":[1,0,0,1,0,0],"masksToBounds":false,"rotation":0,"scale":1,"position":{"pointX":960,"pointY":540},"width":1920,"sublayerTransform":[1,0,0,0,0,1,0,0,0,0,1,0,0,0,0,1],"contentsRect":{"y":0,"x":0,"width":1,"height":1},"opacity":1,"edgeAntialiasingMask":251658240,"height":1080,"hidden":false,"anchorPoint":{"pointX":0.5,"pointY":0.5}},"layers":[{"animations":[],"layers":[],"texturedRectangle":{"isBackgroundTexture":true,"singleTextureOpacity":1,"textureType":1,"textBaseline":0,"textXHeight":0,"isVerticalText":false},"initialState":{"affineTransform":[1,0,0,1,0,0],"masksToBounds":false,"rotation":0,"scale":1,"position":{"pointX":960,"pointY":540},"width":1920,"sublayerTransform":[1,0,0,0,0,1,0,0,0,0,1,0,0,0,0,1],"contentsRect":{"y":0,"x":0,"width":1,"height":1},"opacity":1,"edgeAntialiasingMask":0,"height":1080,"hidden":false,"anchorPoint":{"pointX":0.5,"pointY":0.5}},"texture":"C25C25FF361FB24FC35F6B120D2F252D"}]}]},{"animations":[],"initialState":{"affineTransform":[1,0,0,1,0,0],"masksToBounds":false,"rotation":0,"scale":1,"position":{"pointX":960,"pointY":540},"width":1920,"sublayerTransform":[1,0,0,0,0,1,0,0,0,0,1,0,0,0,0,1],"contentsRect":{"y":0,"x":0,"width":1,"height":1},"opacity":1,"edgeAntialiasingMask":251658240,"height":1080,"hidden":false,"anchorPoint":{"pointX":0.5,"pointY":0.5}},"layers":[{"animations":[],"initialState":{"affineTransform":[1,0,0,1,0,0],"masksToBounds":false,"rotation":0,"scale":1,"position":{"pointX":373.99987218703313,"pointY":559},"width":748,"sublayerTransform":[1,0,0,0,0,1,0,0,0,0,1,0,0,0,0,1],"contentsRect":{"y":0,"x":0,"width":1,"height":1},"opacity":1,"edgeAntialiasingMask":251658240,"height":858,"hidden":false,"anchorPoint":{"pointX":0.5,"pointY":0.5}},"layers":[{"animations":[],"layers":[],"texturedRectangle":{"singleTextureOpacity":1,"textXHeight":0.027020979020979021,"textBaseline":0.99750322162460958,"isBackgroundTexture":true,"isVerticalText":false,"textColor":[0.20392157137393951,0.20392157137393951,0.20392157137393951,1],"textureType":6},"initialState":{"affineTransform":[1,0,0,1,0,0],"masksToBounds":false,"rotation":0,"scale":1,"position":{"pointX":416.00012781296687,"pointY":447},"width":748,"sublayerTransform":[1,0,0,0,0,1,0,0,0,0,1,0,0,0,0,1],"contentsRect":{"y":0,"x":0,"width":1,"height":1},"opacity":1,"edgeAntialiasingMask":0,"height":858,"hidden":false,"anchorPoint":{"pointX":0.5,"pointY":0.5}},"texture":"4B46C5B8AFCAD1F0CAC18A3E7DFF4627"}]}]},{"animations":[],"initialState":{"affineTransform":[1,0,0,1,0,0],"masksToBounds":false,"rotation":0,"scale":1,"position":{"pointX":960,"pointY":540},"width":1920,"sublayerTransform":[1,0,0,0,0,1,0,0,0,0,1,0,0,0,0,1],"contentsRect":{"y":0,"x":0,"width":1,"height":1},"opacity":1,"edgeAntialiasingMask":251658240,"height":1080,"hidden":false,"anchorPoint":{"pointX":0.5,"pointY":0.5}},"layers":[{"animations":[],"initialState":{"affineTransform":[1,0,0,1,0,0],"masksToBounds":false,"rotation":0,"scale":1,"position":{"pointX":521,"pointY":33},"width":1042,"sublayerTransform":[1,0,0,0,0,1,0,0,0,0,1,0,0,0,0,1],"contentsRect":{"y":0,"x":0,"width":1,"height":1},"opacity":1,"edgeAntialiasingMask":251658240,"height":66,"hidden":false,"anchorPoint":{"pointX":0.5,"pointY":0.5}},"layers":[{"animations":[],"layers":[],"texturedRectangle":{"singleTextureOpacity":1,"textXHeight":0.51227272727272732,"textBaseline":0.77727227590300818,"isBackgroundTexture":true,"isVerticalText":false,"textColor":[0,0.13333334028720856,0.31999999284744263,0.87000000476837158],"textureType":6},"initialState":{"affineTransform":[1,0,0,1,0,0],"masksToBounds":false,"rotation":0,"scale":1,"position":{"pointX":564,"pointY":55},"width":1042,"sublayerTransform":[1,0,0,0,0,1,0,0,0,0,1,0,0,0,0,1],"contentsRect":{"y":0,"x":0,"width":1,"height":1},"opacity":1,"edgeAntialiasingMask":0,"height":66,"hidden":false,"anchorPoint":{"pointX":0.5,"pointY":0.5}},"texture":"4A9C7C679AA99C972F7342FC3AC9BD40"}]}]},{"animations":[],"initialState":{"affineTransform":[1,0,0,1,0,0],"masksToBounds":false,"rotation":0,"scale":1,"position":{"pointX":960,"pointY":540},"width":1920,"sublayerTransform":[1,0,0,0,0,1,0,0,0,0,1,0,0,0,0,1],"contentsRect":{"y":0,"x":0,"width":1,"height":1},"opacity":1,"edgeAntialiasingMask":251658240,"height":1080,"hidden":false,"anchorPoint":{"pointX":0.5,"pointY":0.5}},"layers":[{"animations":[],"initialState":{"affineTransform":[1,0,0,1,0,0],"masksToBounds":false,"rotation":0,"scale":1,"position":{"pointX":1898.0739821628085,"pointY":1028.2800302505493},"width":18,"sublayerTransform":[1,0,0,0,0,1,0,0,0,0,1,0,0,0,0,1],"contentsRect":{"y":0,"x":0,"width":1,"height":1},"opacity":1,"edgeAntialiasingMask":251658240,"height":19,"hidden":false,"anchorPoint":{"pointX":0.5,"pointY":0.5}},"layers":[{"animations":[],"layers":[],"texturedRectangle":{"singleTextureOpacity":1,"textXHeight":0.5592631578947368,"textBaseline":0.9031589940974587,"isBackgroundTexture":true,"isVerticalText":false,"textColor":[0.20392157137393951,0.20392157137393951,0.20392157137393951,1],"textureType":6},"initialState":{"affineTransform":[1,0,0,1,0,0],"masksToBounds":false,"rotation":0,"scale":1,"position":{"pointX":11.926017837191466,"pointY":17.719969749450684},"width":18,"sublayerTransform":[1,0,0,0,0,1,0,0,0,0,1,0,0,0,0,1],"contentsRect":{"y":0,"x":0,"width":1,"height":1},"opacity":1,"edgeAntialiasingMask":0,"height":19,"hidden":false,"anchorPoint":{"pointX":0.5,"pointY":0.5}},"texture":"AA97B998E794C7CF01F2FC273C33331E"}]}]},{"animations":[],"initialState":{"affineTransform":[1,0,0,1,0,0],"masksToBounds":false,"rotation":0,"scale":1,"position":{"pointX":960,"pointY":540},"width":1920,"sublayerTransform":[1,0,0,0,0,1,0,0,0,0,1,0,0,0,0,1],"contentsRect":{"y":0,"x":0,"width":1,"height":1},"opacity":1,"edgeAntialiasingMask":251658240,"height":1080,"hidden":false,"anchorPoint":{"pointX":0.5,"pointY":0.5}},"layers":[{"animations":[],"initialState":{"affineTransform":[1,0,0,1,0,0],"masksToBounds":false,"rotation":0,"scale":1,"position":{"pointX":1362.9332275390625,"pointY":367.35845184326172},"width":645,"sublayerTransform":[1,0,0,0,0,1,0,0,0,0,1,0,0,0,0,1],"contentsRect":{"y":0,"x":0,"width":1,"height":1},"opacity":1,"edgeAntialiasingMask":251658240,"height":529,"hidden":false,"anchorPoint":{"pointX":0.5,"pointY":0.5}},"layers":[{"animations":[],"layers":[],"texturedRectangle":{"isBackgroundTexture":true,"singleTextureOpacity":1,"textureType":5,"textBaseline":0,"textXHeight":0,"isVerticalText":false},"initialState":{"affineTransform":[1,0,0,1,0,0],"masksToBounds":false,"rotation":0,"scale":1,"position":{"pointX":321.0667724609375,"pointY":262.64154815673828},"width":645,"sublayerTransform":[1,0,0,0,0,1,0,0,0,0,1,0,0,0,0,1],"contentsRect":{"y":0,"x":0,"width":1,"height":1},"opacity":1,"edgeAntialiasingMask":0,"height":529,"hidden":false,"anchorPoint":{"pointX":0.5,"pointY":0.5}},"texture":"1222F7F12D2D7DC3C4D9E71F5148A750"}]}]},{"animations":[],"initialState":{"affineTransform":[1,0,0,1,0,0],"masksToBounds":false,"rotation":0,"scale":1,"position":{"pointX":960,"pointY":540},"width":1920,"sublayerTransform":[1,0,0,0,0,1,0,0,0,0,1,0,0,0,0,1],"contentsRect":{"y":0,"x":0,"width":1,"height":1},"opacity":1,"edgeAntialiasingMask":251658240,"height":1080,"hidden":false,"anchorPoint":{"pointX":0.5,"pointY":0.5}},"layers":[{"animations":[],"initialState":{"affineTransform":[1,0,0,1,0,0],"masksToBounds":false,"rotation":0,"scale":1,"position":{"pointX":1339.472412109375,"pointY":797.908447265625},"width":780,"sublayerTransform":[1,0,0,0,0,1,0,0,0,0,1,0,0,0,0,1],"contentsRect":{"y":0,"x":0,"width":1,"height":1},"opacity":1,"edgeAntialiasingMask":251658240,"height":150,"hidden":false,"anchorPoint":{"pointX":0.5,"pointY":0.5}},"objectID":"DBDFEEED-F588-4616-AE7B-F3FFE2CF9CFF","layers":[{"animations":[],"layers":[],"texturedRectangle":{"isBackgroundTexture":true,"singleTextureOpacity":1,"textureType":5,"textBaseline":0,"textXHeight":0,"isVerticalText":false},"initialState":{"affineTransform":[1,0,0,1,0,0],"masksToBounds":false,"rotation":0,"scale":1,"position":{"pointX":388.527587890625,"pointY":73.091552734375},"width":780,"sublayerTransform":[1,0,0,0,0,1,0,0,0,0,1,0,0,0,0,1],"contentsRect":{"y":0,"x":0,"width":1,"height":1},"opacity":1,"edgeAntialiasingMask":0,"height":150,"hidden":true,"anchorPoint":{"pointX":0.5,"pointY":0.5}},"texture":"1252A478EA8FA3D0712E12B9F5B22336"}]}]},{"animations":[],"initialState":{"affineTransform":[1,0,0,1,0,0],"masksToBounds":false,"rotation":0,"scale":1,"position":{"pointX":960,"pointY":540},"width":1920,"sublayerTransform":[1,0,0,0,0,1,0,0,0,0,1,0,0,0,0,1],"contentsRect":{"y":0,"x":0,"width":1,"height":1},"opacity":1,"edgeAntialiasingMask":251658240,"height":1080,"hidden":false,"anchorPoint":{"pointX":0.5,"pointY":0.5}},"layers":[{"animations":[],"initialState":{"affineTransform":[1,0,0,1,0,0],"masksToBounds":false,"rotation":0,"scale":1,"position":{"pointX":1322.6390380859375,"pointY":966.40234375},"width":741,"sublayerTransform":[1,0,0,0,0,1,0,0,0,0,1,0,0,0,0,1],"contentsRect":{"y":0,"x":0,"width":1,"height":1},"opacity":1,"edgeAntialiasingMask":251658240,"height":41,"hidden":false,"anchorPoint":{"pointX":0.5,"pointY":0.5}},"objectID":"9F9B9AEB-3F4B-480C-81A2-5FCC3184D195","layers":[{"animations":[],"layers":[],"texturedRectangle":{"isBackgroundTexture":true,"singleTextureOpacity":1,"textureType":5,"textBaseline":0,"textXHeight":0,"isVerticalText":false},"initialState":{"affineTransform":[1,0,0,1,0,0],"masksToBounds":false,"rotation":0,"scale":1,"position":{"pointX":369.3609619140625,"pointY":18.59765625},"width":741,"sublayerTransform":[1,0,0,0,0,1,0,0,0,0,1,0,0,0,0,1],"contentsRect":{"y":0,"x":0,"width":1,"height":1},"opacity":1,"edgeAntialiasingMask":0,"height":41,"hidden":true,"anchorPoint":{"pointX":0.5,"pointY":0.5}},"texture":"357B30BA3E6654FC1A73F6C1C06AA8AD"}]}]}]}},{"effects":[{"beginTime":0,"baseLayer":{"animations":[],"initialState":{"affineTransform":[1,0,0,1,0,0],"masksToBounds":false,"rotation":0,"scale":1,"position":{"pointX":1322.6390380859375,"pointY":966.40234375},"width":741,"sublayerTransform":[1,0,0,0,0,1,0,0,0,0,1,0,0,0,0,1],"contentsRect":{"y":0,"x":0,"width":1,"height":1},"opacity":1,"edgeAntialiasingMask":251658240,"height":41,"hidden":false,"anchorPoint":{"pointX":0.5,"pointY":0.5}},"objectID":"9F9B9AEB-3F4B-480C-81A2-5FCC3184D195","layers":[{"animations":[],"initialState":{"affineTransform":[1,0,0,1,0,0],"masksToBounds":false,"rotation":0,"scale":1,"position":{"pointX":7.8609619140625,"pointY":-405.90234375},"width":741,"sublayerTransform":[1,0,0,0,0,1,0,0,0,0,1,-0.00035007912466775983,0,0,0,1],"contentsRect":{"y":0,"x":0,"width":1,"height":1},"opacity":1,"edgeAntialiasingMask":251658240,"height":41,"hidden":false,"anchorPoint":{"pointX":0.010608585579031713,"pointY":-9.9000571646341466}},"layers":[{"animations":[{"additive":false,"timeOffset":0,"beginTime":1e-100,"repeatCount":0,"fillMode":"both","duration":0.01,"autoreverses":false,"animations":[{"additive":false,"timeOffset":0,"beginTime":0,"from":{"scalar":true},"repeatCount":0,"fillMode":"both","duration":0.0001,"autoreverses":false,"property":"hidden","to":{"scalar":false},"removedOnCompletion":true},{"additive":false,"timeOffset":0,"beginTime":0.0001,"from":{"scalar":false},"repeatCount":0,"fillMode":"forwards","duration":0.0099000000000000008,"autoreverses":false,"property":"hidden","to":{"scalar":false},"removedOnCompletion":true}],"removedOnCompletion":false}],"layers":[],"texturedRectangle":{"isBackgroundTexture":true,"singleTextureOpacity":1,"textureType":5,"textBaseline":0,"textXHeight":0,"isVerticalText":false},"initialState":{"affineTransform":[1,0,0,1,0,0],"masksToBounds":false,"rotation":0,"scale":1,"position":{"pointX":369.3609619140625,"pointY":18.59765625},"width":741,"sublayerTransform":[1,0,0,0,0,1,0,0,0,0,1,0,0,0,0,1],"contentsRect":{"y":0,"x":0,"width":1,"height":1},"opacity":1,"edgeAntialiasingMask":0,"height":41,"hidden":true,"anchorPoint":{"pointX":0.5,"pointY":0.5}},"texture":"357B30BA3E6654FC1A73F6C1C06AA8AD"}]}]},"effects":[],"duration":0.01,"type":"buildIn","attributes":{"direction":0},"name":"apple:appear","objectID":"9F9B9AEB-3F4B-480C-81A2-5FCC3184D195"}],"automaticPlay":false,"hyperlinks":[],"accessibility":[{"text":"Linear SVM: problem formulation","targetRectangle":{"y":4,"x":40,"width":1047.48,"height":84}},{"text":"equation.pdf","targetRectangle":{"y":662.42232538160863,"x":253.43987548289937,"width":27.0841121495327,"height":54.168334074109566}},{"text":"equation.pdf","targetRectangle":{"y":899.17969075653025,"x":273.7918754828994,"width":37.77583626168223,"height":56.758093825088622}},{"text":"equation.pdf","targetRectangle":{"y":545.12699565374953,"x":681.8398754828994,"width":39.109457943925236,"height":54.168334074109566}},{"text":"equation.pdf","targetRectangle":{"y":232.81027984619141,"x":1386.9682922363281,"width":18.236878912997327,"height":19.407868843200788}},{"text":"equation.pdf","targetRectangle":{"y":722.908447265625,"x":949.472412109375,"width":776.89367969100931,"height":37.217160000000035}},{"text":"equation.pdf","targetRectangle":{"y":256.68531036376953,"x":1490.9014282226562,"width":18.468000000000075,"height":12.824999999999989}},{"text":"Objective: maximize the geometric “margin” between the separating hyperplane and the points that lay closest to that plane.","targetRectangle":{"y":134,"x":49.833209452015581,"width":739.82399999999996,"height":232}},{"text":"Key concepts: ","targetRectangle":{"y":366,"x":85.833209452015581,"width":306,"height":58}},{"text":"A hyperplane can be characterized by a vector,￼, that is orthogonal to it, and a bias, ￼, expressing its distance from the origin.","targetRectangle":{"y":482,"x":143.99987548289937,"width":650.36411214953262,"height":292.5906594557182}},{"text":"The distance, ￼, from any point, ￼, to ￼ has a nice closed form solution.","targetRectangle":{"y":832.5906594557182,"x":143.99987548289937,"width":654.83921495327104,"height":181.34712512590067}},{"text":"equation.pdf","targetRectangle":{"y":837.71765510946784,"x":473.71187548289942,"width":106.00721495327099,"height":56.335039993312876}},{"text":"equation.pdf","targetRectangle":{"y":899.17969075653025,"x":386.0957119887222,"width":39.109457943925236,"height":54.168334074109566}},{"text":"equation.pdf","targetRectangle":{"y":270.78583526611328,"x":1334.5020446777344,"width":13.742999180853303,"height":18.629998889565456}},{"text":"equation.pdf","targetRectangle":{"y":778.87685012817383,"x":1175.9781494140625,"width":237.579465870273,"height":90.310674144995232}},{"text":"￼","targetRectangle":{"y":1022.7800302505493,"x":1893.5739821628085,"width":14.91599999999994,"height":26}}],"baseLayer":{"animations":[],"initialState":{"affineTransform":[1,0,0,1,0,0],"masksToBounds":false,"rotation":0,"scale":1,"position":{"pointX":960,"pointY":540},"width":1920,"sublayerTransform":[1,0,0,0,0,1,0,0,0,0,1,0,0,0,0,1],"contentsRect":{"y":0,"x":0,"width":1,"height":1},"opacity":1,"edgeAntialiasingMask":251658240,"height":1080,"hidden":false,"anchorPoint":{"pointX":0.5,"pointY":0.5}},"layers":[{"animations":[],"initialState":{"affineTransform":[1,0,0,1,0,0],"masksToBounds":false,"rotation":0,"scale":1,"position":{"pointX":960,"pointY":540},"width":1920,"sublayerTransform":[1,0,0,0,0,1,0,0,0,0,1,0,0,0,0,1],"contentsRect":{"y":0,"x":0,"width":1,"height":1},"opacity":1,"edgeAntialiasingMask":251658240,"height":1080,"hidden":false,"anchorPoint":{"pointX":0.5,"pointY":0.5}},"layers":[{"animations":[],"initialState":{"affineTransform":[1,0,0,1,0,0],"masksToBounds":false,"rotation":0,"scale":1,"position":{"pointX":960,"pointY":540},"width":1920,"sublayerTransform":[1,0,0,0,0,1,0,0,0,0,1,0,0,0,0,1],"contentsRect":{"y":0,"x":0,"width":1,"height":1},"opacity":1,"edgeAntialiasingMask":251658240,"height":1080,"hidden":false,"anchorPoint":{"pointX":0.5,"pointY":0.5}},"layers":[{"animations":[],"layers":[],"texturedRectangle":{"isBackgroundTexture":true,"singleTextureOpacity":1,"textureType":1,"textBaseline":0,"textXHeight":0,"isVerticalText":false},"initialState":{"affineTransform":[1,0,0,1,0,0],"masksToBounds":false,"rotation":0,"scale":1,"position":{"pointX":960,"pointY":540},"width":1920,"sublayerTransform":[1,0,0,0,0,1,0,0,0,0,1,0,0,0,0,1],"contentsRect":{"y":0,"x":0,"width":1,"height":1},"opacity":1,"edgeAntialiasingMask":0,"height":1080,"hidden":false,"anchorPoint":{"pointX":0.5,"pointY":0.5}},"texture":"C25C25FF361FB24FC35F6B120D2F252D"}]}]},{"animations":[],"initialState":{"affineTransform":[1,0,0,1,0,0],"masksToBounds":false,"rotation":0,"scale":1,"position":{"pointX":960,"pointY":540},"width":1920,"sublayerTransform":[1,0,0,0,0,1,0,0,0,0,1,0,0,0,0,1],"contentsRect":{"y":0,"x":0,"width":1,"height":1},"opacity":1,"edgeAntialiasingMask":251658240,"height":1080,"hidden":false,"anchorPoint":{"pointX":0.5,"pointY":0.5}},"layers":[{"animations":[],"initialState":{"affineTransform":[1,0,0,1,0,0],"masksToBounds":false,"rotation":0,"scale":1,"position":{"pointX":373.99987218703313,"pointY":559},"width":748,"sublayerTransform":[1,0,0,0,0,1,0,0,0,0,1,0,0,0,0,1],"contentsRect":{"y":0,"x":0,"width":1,"height":1},"opacity":1,"edgeAntialiasingMask":251658240,"height":858,"hidden":false,"anchorPoint":{"pointX":0.5,"pointY":0.5}},"layers":[{"animations":[],"layers":[],"texturedRectangle":{"singleTextureOpacity":1,"textXHeight":0.027020979020979021,"textBaseline":0.99750322162460958,"isBackgroundTexture":true,"isVerticalText":false,"textColor":[0.20392157137393951,0.20392157137393951,0.20392157137393951,1],"textureType":6},"initialState":{"affineTransform":[1,0,0,1,0,0],"masksToBounds":false,"rotation":0,"scale":1,"position":{"pointX":416.00012781296687,"pointY":447},"width":748,"sublayerTransform":[1,0,0,0,0,1,0,0,0,0,1,0,0,0,0,1],"contentsRect":{"y":0,"x":0,"width":1,"height":1},"opacity":1,"edgeAntialiasingMask":0,"height":858,"hidden":false,"anchorPoint":{"pointX":0.5,"pointY":0.5}},"texture":"4B46C5B8AFCAD1F0CAC18A3E7DFF4627"}]}]},{"animations":[],"initialState":{"affineTransform":[1,0,0,1,0,0],"masksToBounds":false,"rotation":0,"scale":1,"position":{"pointX":960,"pointY":540},"width":1920,"sublayerTransform":[1,0,0,0,0,1,0,0,0,0,1,0,0,0,0,1],"contentsRect":{"y":0,"x":0,"width":1,"height":1},"opacity":1,"edgeAntialiasingMask":251658240,"height":1080,"hidden":false,"anchorPoint":{"pointX":0.5,"pointY":0.5}},"layers":[{"animations":[],"initialState":{"affineTransform":[1,0,0,1,0,0],"masksToBounds":false,"rotation":0,"scale":1,"position":{"pointX":521,"pointY":33},"width":1042,"sublayerTransform":[1,0,0,0,0,1,0,0,0,0,1,0,0,0,0,1],"contentsRect":{"y":0,"x":0,"width":1,"height":1},"opacity":1,"edgeAntialiasingMask":251658240,"height":66,"hidden":false,"anchorPoint":{"pointX":0.5,"pointY":0.5}},"layers":[{"animations":[],"layers":[],"texturedRectangle":{"singleTextureOpacity":1,"textXHeight":0.51227272727272732,"textBaseline":0.77727227590300818,"isBackgroundTexture":true,"isVerticalText":false,"textColor":[0,0.13333334028720856,0.31999999284744263,0.87000000476837158],"textureType":6},"initialState":{"affineTransform":[1,0,0,1,0,0],"masksToBounds":false,"rotation":0,"scale":1,"position":{"pointX":564,"pointY":55},"width":1042,"sublayerTransform":[1,0,0,0,0,1,0,0,0,0,1,0,0,0,0,1],"contentsRect":{"y":0,"x":0,"width":1,"height":1},"opacity":1,"edgeAntialiasingMask":0,"height":66,"hidden":false,"anchorPoint":{"pointX":0.5,"pointY":0.5}},"texture":"4A9C7C679AA99C972F7342FC3AC9BD40"}]}]},{"animations":[],"initialState":{"affineTransform":[1,0,0,1,0,0],"masksToBounds":false,"rotation":0,"scale":1,"position":{"pointX":960,"pointY":540},"width":1920,"sublayerTransform":[1,0,0,0,0,1,0,0,0,0,1,0,0,0,0,1],"contentsRect":{"y":0,"x":0,"width":1,"height":1},"opacity":1,"edgeAntialiasingMask":251658240,"height":1080,"hidden":false,"anchorPoint":{"pointX":0.5,"pointY":0.5}},"layers":[{"animations":[],"initialState":{"affineTransform":[1,0,0,1,0,0],"masksToBounds":false,"rotation":0,"scale":1,"position":{"pointX":1898.0739821628085,"pointY":1028.2800302505493},"width":18,"sublayerTransform":[1,0,0,0,0,1,0,0,0,0,1,0,0,0,0,1],"contentsRect":{"y":0,"x":0,"width":1,"height":1},"opacity":1,"edgeAntialiasingMask":251658240,"height":19,"hidden":false,"anchorPoint":{"pointX":0.5,"pointY":0.5}},"layers":[{"animations":[],"layers":[],"texturedRectangle":{"singleTextureOpacity":1,"textXHeight":0.5592631578947368,"textBaseline":0.9031589940974587,"isBackgroundTexture":true,"isVerticalText":false,"textColor":[0.20392157137393951,0.20392157137393951,0.20392157137393951,1],"textureType":6},"initialState":{"affineTransform":[1,0,0,1,0,0],"masksToBounds":false,"rotation":0,"scale":1,"position":{"pointX":11.926017837191466,"pointY":17.719969749450684},"width":18,"sublayerTransform":[1,0,0,0,0,1,0,0,0,0,1,0,0,0,0,1],"contentsRect":{"y":0,"x":0,"width":1,"height":1},"opacity":1,"edgeAntialiasingMask":0,"height":19,"hidden":false,"anchorPoint":{"pointX":0.5,"pointY":0.5}},"texture":"AA97B998E794C7CF01F2FC273C33331E"}]}]},{"animations":[],"initialState":{"affineTransform":[1,0,0,1,0,0],"masksToBounds":false,"rotation":0,"scale":1,"position":{"pointX":960,"pointY":540},"width":1920,"sublayerTransform":[1,0,0,0,0,1,0,0,0,0,1,0,0,0,0,1],"contentsRect":{"y":0,"x":0,"width":1,"height":1},"opacity":1,"edgeAntialiasingMask":251658240,"height":1080,"hidden":false,"anchorPoint":{"pointX":0.5,"pointY":0.5}},"layers":[{"animations":[],"initialState":{"affineTransform":[1,0,0,1,0,0],"masksToBounds":false,"rotation":0,"scale":1,"position":{"pointX":1362.9332275390625,"pointY":367.35845184326172},"width":645,"sublayerTransform":[1,0,0,0,0,1,0,0,0,0,1,0,0,0,0,1],"contentsRect":{"y":0,"x":0,"width":1,"height":1},"opacity":1,"edgeAntialiasingMask":251658240,"height":529,"hidden":false,"anchorPoint":{"pointX":0.5,"pointY":0.5}},"layers":[{"animations":[],"layers":[],"texturedRectangle":{"isBackgroundTexture":true,"singleTextureOpacity":1,"textureType":5,"textBaseline":0,"textXHeight":0,"isVerticalText":false},"initialState":{"affineTransform":[1,0,0,1,0,0],"masksToBounds":false,"rotation":0,"scale":1,"position":{"pointX":321.0667724609375,"pointY":262.64154815673828},"width":645,"sublayerTransform":[1,0,0,0,0,1,0,0,0,0,1,0,0,0,0,1],"contentsRect":{"y":0,"x":0,"width":1,"height":1},"opacity":1,"edgeAntialiasingMask":0,"height":529,"hidden":false,"anchorPoint":{"pointX":0.5,"pointY":0.5}},"texture":"1222F7F12D2D7DC3C4D9E71F5148A750"}]}]},{"animations":[],"initialState":{"affineTransform":[1,0,0,1,0,0],"masksToBounds":false,"rotation":0,"scale":1,"position":{"pointX":960,"pointY":540},"width":1920,"sublayerTransform":[1,0,0,0,0,1,0,0,0,0,1,0,0,0,0,1],"contentsRect":{"y":0,"x":0,"width":1,"height":1},"opacity":1,"edgeAntialiasingMask":251658240,"height":1080,"hidden":false,"anchorPoint":{"pointX":0.5,"pointY":0.5}},"layers":[{"animations":[],"initialState":{"affineTransform":[1,0,0,1,0,0],"masksToBounds":false,"rotation":0,"scale":1,"position":{"pointX":1339.472412109375,"pointY":797.908447265625},"width":780,"sublayerTransform":[1,0,0,0,0,1,0,0,0,0,1,0,0,0,0,1],"contentsRect":{"y":0,"x":0,"width":1,"height":1},"opacity":1,"edgeAntialiasingMask":251658240,"height":150,"hidden":false,"anchorPoint":{"pointX":0.5,"pointY":0.5}},"objectID":"DBDFEEED-F588-4616-AE7B-F3FFE2CF9CFF","layers":[{"animations":[],"layers":[],"texturedRectangle":{"isBackgroundTexture":true,"singleTextureOpacity":1,"textureType":5,"textBaseline":0,"textXHeight":0,"isVerticalText":false},"initialState":{"affineTransform":[1,0,0,1,0,0],"masksToBounds":false,"rotation":0,"scale":1,"position":{"pointX":388.527587890625,"pointY":73.091552734375},"width":780,"sublayerTransform":[1,0,0,0,0,1,0,0,0,0,1,0,0,0,0,1],"contentsRect":{"y":0,"x":0,"width":1,"height":1},"opacity":1,"edgeAntialiasingMask":0,"height":150,"hidden":false,"anchorPoint":{"pointX":0.5,"pointY":0.5}},"texture":"1252A478EA8FA3D0712E12B9F5B22336"}]}]},{"animations":[],"initialState":{"affineTransform":[1,0,0,1,0,0],"masksToBounds":false,"rotation":0,"scale":1,"position":{"pointX":960,"pointY":540},"width":1920,"sublayerTransform":[1,0,0,0,0,1,0,0,0,0,1,0,0,0,0,1],"contentsRect":{"y":0,"x":0,"width":1,"height":1},"opacity":1,"edgeAntialiasingMask":251658240,"height":1080,"hidden":false,"anchorPoint":{"pointX":0.5,"pointY":0.5}},"layers":[{"animations":[],"initialState":{"affineTransform":[1,0,0,1,0,0],"masksToBounds":false,"rotation":0,"scale":1,"position":{"pointX":1322.6390380859375,"pointY":966.40234375},"width":741,"sublayerTransform":[1,0,0,0,0,1,0,0,0,0,1,0,0,0,0,1],"contentsRect":{"y":0,"x":0,"width":1,"height":1},"opacity":1,"edgeAntialiasingMask":251658240,"height":41,"hidden":false,"anchorPoint":{"pointX":0.5,"pointY":0.5}},"objectID":"9F9B9AEB-3F4B-480C-81A2-5FCC3184D195","layers":[{"animations":[],"layers":[],"texturedRectangle":{"isBackgroundTexture":true,"singleTextureOpacity":1,"textureType":5,"textBaseline":0,"textXHeight":0,"isVerticalText":false},"initialState":{"affineTransform":[1,0,0,1,0,0],"masksToBounds":false,"rotation":0,"scale":1,"position":{"pointX":369.3609619140625,"pointY":18.59765625},"width":741,"sublayerTransform":[1,0,0,0,0,1,0,0,0,0,1,0,0,0,0,1],"contentsRect":{"y":0,"x":0,"width":1,"height":1},"opacity":1,"edgeAntialiasingMask":0,"height":41,"hidden":true,"anchorPoint":{"pointX":0.5,"pointY":0.5}},"texture":"357B30BA3E6654FC1A73F6C1C06AA8AD"}]}]}]}},{"effects":[{"beginTime":0,"baseLayer":{"animations":[],"initialState":{"affineTransform":[1,0,0,1,0,0],"masksToBounds":false,"rotation":0,"scale":1,"position":{"pointX":960,"pointY":540},"width":1920,"sublayerTransform":[1,0,0,0,0,1,0,0,0,0,1,0,0,0,0,1],"contentsRect":{"y":0,"x":0,"width":1,"height":1},"opacity":1,"edgeAntialiasingMask":251658240,"height":1080,"hidden":false,"anchorPoint":{"pointX":0.5,"pointY":0.5}},"objectID":"0","layers":[{"animations":[],"initialState":{"affineTransform":[1,0,0,1,0,0],"masksToBounds":false,"rotation":0,"scale":1,"position":{"pointX":960,"pointY":540},"width":1920,"sublayerTransform":[1,0,0,0,0,1,0,0,0,0,1,-0.00035007912466775983,0,0,0,1],"contentsRect":{"y":0,"x":0,"width":1,"height":1},"opacity":1,"edgeAntialiasingMask":251658240,"height":1080,"hidden":false,"anchorPoint":{"pointX":0.5,"pointY":0.5}},"layers":[{"animations":[],"layers":[],"texturedRectangle":{"isBackgroundTexture":false,"singleTextureOpacity":1,"textureType":0,"textBaseline":0,"textXHeight":0,"isVerticalText":false},"initialState":{"affineTransform":[1,0,0,1,0,0],"masksToBounds":false,"rotation":0,"scale":1,"position":{"pointX":960,"pointY":540},"width":1920,"sublayerTransform":[1,0,0,0,0,1,0,0,0,0,1,0,0,0,0,1],"contentsRect":{"y":0,"x":0,"width":1,"height":1},"opacity":1,"edgeAntialiasingMask":0,"height":1080,"hidden":false,"anchorPoint":{"pointX":0.5,"pointY":0.5}},"texture":"2D53B0B489DFAB45DEC0B1FE53E3AD3E"},{"animations":[{"additive":false,"timeOffset":0,"beginTime":0,"from":{"scalar":false},"repeatCount":0,"fillMode":"both","duration":0.01,"autoreverses":false,"property":"hidden","to":{"scalar":true},"removedOnCompletion":false}],"layers":[],"texturedRectangle":{"isBackgroundTexture":false,"singleTextureOpacity":1,"textureType":0,"textBaseline":0,"textXHeight":0,"isVerticalText":false},"initialState":{"affineTransform":[1,0,0,1,0,0],"masksToBounds":false,"rotation":0,"scale":1,"position":{"pointX":960,"pointY":540},"width":1920,"sublayerTransform":[1,0,0,0,0,1,0,0,0,0,1,0,0,0,0,1],"contentsRect":{"y":0,"x":0,"width":1,"height":1},"opacity":1,"edgeAntialiasingMask":0,"height":1080,"hidden":false,"anchorPoint":{"pointX":0.5,"pointY":0.5}},"texture":"A85C65FA621D2FDB972E8704FFD410B8"}]}]},"effects":[],"duration":0.01,"type":"transition","attributes":{"direction":0},"name":"none","objectID":"0"}],"automaticPlay":false,"hyperlinks":[],"accessibility":[{"text":"equation.pdf","targetRectangle":{"y":945.90234375,"x":952.1390380859375,"width":738.30167948501571,"height":37.217160000000035}},{"text":"Linear SVM: problem formulation","targetRectangle":{"y":4,"x":40,"width":1047.48,"height":84}},{"text":"equation.pdf","targetRectangle":{"y":662.42232538160863,"x":253.43987548289937,"width":27.0841121495327,"height":54.168334074109566}},{"text":"equation.pdf","targetRectangle":{"y":899.17969075653025,"x":273.7918754828994,"width":37.77583626168223,"height":56.758093825088622}},{"text":"equation.pdf","targetRectangle":{"y":545.12699565374953,"x":681.8398754828994,"width":39.109457943925236,"height":54.168334074109566}},{"text":"equation.pdf","targetRectangle":{"y":232.81027984619141,"x":1386.9682922363281,"width":18.236878912997327,"height":19.407868843200788}},{"text":"equation.pdf","targetRectangle":{"y":722.908447265625,"x":949.472412109375,"width":776.89367969100931,"height":37.217160000000035}},{"text":"equation.pdf","targetRectangle":{"y":256.68531036376953,"x":1490.9014282226562,"width":18.468000000000075,"height":12.824999999999989}},{"text":"Objective: maximize the geometric “margin” between the separating hyperplane and the points that lay closest to that plane.","targetRectangle":{"y":134,"x":49.833209452015581,"width":739.82399999999996,"height":232}},{"text":"Key concepts: ","targetRectangle":{"y":366,"x":85.833209452015581,"width":306,"height":58}},{"text":"A hyperplane can be characterized by a vector,￼, that is orthogonal to it, and a bias, ￼, expressing its distance from the origin.","targetRectangle":{"y":482,"x":143.99987548289937,"width":650.36411214953262,"height":292.5906594557182}},{"text":"The distance, ￼, from any point, ￼, to ￼ has a nice closed form solution.","targetRectangle":{"y":832.5906594557182,"x":143.99987548289937,"width":654.83921495327104,"height":181.34712512590067}},{"text":"equation.pdf","targetRectangle":{"y":837.71765510946784,"x":473.71187548289942,"width":106.00721495327099,"height":56.335039993312876}},{"text":"equation.pdf","targetRectangle":{"y":899.17969075653025,"x":386.0957119887222,"width":39.109457943925236,"height":54.168334074109566}},{"text":"equation.pdf","targetRectangle":{"y":270.78583526611328,"x":1334.5020446777344,"width":13.742999180853303,"height":18.629998889565456}},{"text":"equation.pdf","targetRectangle":{"y":778.87685012817383,"x":1175.9781494140625,"width":237.579465870273,"height":90.310674144995232}},{"text":"￼","targetRectangle":{"y":1022.7800302505493,"x":1893.5739821628085,"width":14.91599999999994,"height":26}}],"baseLayer":{"animations":[],"initialState":{"affineTransform":[1,0,0,1,0,0],"masksToBounds":false,"rotation":0,"scale":1,"position":{"pointX":960,"pointY":540},"width":1920,"sublayerTransform":[1,0,0,0,0,1,0,0,0,0,1,0,0,0,0,1],"contentsRect":{"y":0,"x":0,"width":1,"height":1},"opacity":1,"edgeAntialiasingMask":251658240,"height":1080,"hidden":false,"anchorPoint":{"pointX":0.5,"pointY":0.5}},"objectID":"0","layers":[{"animations":[],"initialState":{"affineTransform":[1,0,0,1,0,0],"masksToBounds":false,"rotation":0,"scale":1,"position":{"pointX":960,"pointY":540},"width":1920,"sublayerTransform":[1,0,0,0,0,1,0,0,0,0,1,-0.00035007912466775983,0,0,0,1],"contentsRect":{"y":0,"x":0,"width":1,"height":1},"opacity":1,"edgeAntialiasingMask":251658240,"height":1080,"hidden":false,"anchorPoint":{"pointX":0.5,"pointY":0.5}},"layers":[{"animations":[],"layers":[],"texturedRectangle":{"isBackgroundTexture":false,"singleTextureOpacity":1,"textureType":0,"textBaseline":0,"textXHeight":0,"isVerticalText":false},"initialState":{"affineTransform":[1,0,0,1,0,0],"masksToBounds":false,"rotation":0,"scale":1,"position":{"pointX":960,"pointY":540},"width":1920,"sublayerTransform":[1,0,0,0,0,1,0,0,0,0,1,0,0,0,0,1],"contentsRect":{"y":0,"x":0,"width":1,"height":1},"opacity":1,"edgeAntialiasingMask":0,"height":1080,"hidden":false,"anchorPoint":{"pointX":0.5,"pointY":0.5}},"texture":"A85C65FA621D2FDB972E8704FFD410B8"}]}]}}]}