{"assets":{"35059B3C25E2D7D4FD31A6B9152889CC":{"type":"texture","index":0,"assetRequest":{"type":"slide","state":"contents","slide":"none"},"url":{"native":"assets\/127C3518-3124-4123-9691-090AE6D6DD63.pdf"},"width":1920,"height":1080},"FA078AB87AD54BD74044B8C668F0DB43":{"type":"texture","index":1,"assetRequest":{"type":"slide","state":"contents","slide":"none"},"url":{"native":"assets\/127C3518-3124-4123-9691-090AE6D6DD63.pdf"},"width":1920,"height":1080}},"events":[{"effects":[{"beginTime":0,"baseLayer":{"animations":[],"initialState":{"affineTransform":[1,0,0,1,0,0],"masksToBounds":false,"rotation":0,"scale":1,"position":{"pointX":960,"pointY":540},"width":1920,"sublayerTransform":[1,0,0,0,0,1,0,0,0,0,1,0,0,0,0,1],"contentsRect":{"y":0,"x":0,"width":1,"height":1},"opacity":1,"edgeAntialiasingMask":251658240,"height":1080,"hidden":false,"anchorPoint":{"pointX":0.5,"pointY":0.5}},"objectID":"0","layers":[{"animations":[],"initialState":{"affineTransform":[1,0,0,1,0,0],"masksToBounds":false,"rotation":0,"scale":1,"position":{"pointX":960,"pointY":540},"width":1920,"sublayerTransform":[1,0,0,0,0,1,0,0,0,0,1,-0.00035007912466775983,0,0,0,1],"contentsRect":{"y":0,"x":0,"width":1,"height":1},"opacity":1,"edgeAntialiasingMask":251658240,"height":1080,"hidden":false,"anchorPoint":{"pointX":0.5,"pointY":0.5}},"layers":[{"animations":[],"layers":[],"texturedRectangle":{"isBackgroundTexture":false,"singleTextureOpacity":1,"textureType":0,"textBaseline":0,"textXHeight":0,"isVerticalText":false},"initialState":{"affineTransform":[1,0,0,1,0,0],"masksToBounds":false,"rotation":0,"scale":1,"position":{"pointX":960,"pointY":540},"width":1920,"sublayerTransform":[1,0,0,0,0,1,0,0,0,0,1,0,0,0,0,1],"contentsRect":{"y":0,"x":0,"width":1,"height":1},"opacity":1,"edgeAntialiasingMask":0,"height":1080,"hidden":false,"anchorPoint":{"pointX":0.5,"pointY":0.5}},"texture":"FA078AB87AD54BD74044B8C668F0DB43"},{"animations":[{"additive":false,"timeOffset":0,"beginTime":0,"from":{"scalar":false},"repeatCount":0,"fillMode":"both","duration":0.01,"autoreverses":false,"property":"hidden","to":{"scalar":true},"removedOnCompletion":false}],"layers":[],"texturedRectangle":{"isBackgroundTexture":false,"singleTextureOpacity":1,"textureType":0,"textBaseline":0,"textXHeight":0,"isVerticalText":false},"initialState":{"affineTransform":[1,0,0,1,0,0],"masksToBounds":false,"rotation":0,"scale":1,"position":{"pointX":960,"pointY":540},"width":1920,"sublayerTransform":[1,0,0,0,0,1,0,0,0,0,1,0,0,0,0,1],"contentsRect":{"y":0,"x":0,"width":1,"height":1},"opacity":1,"edgeAntialiasingMask":0,"height":1080,"hidden":false,"anchorPoint":{"pointX":0.5,"pointY":0.5}},"texture":"35059B3C25E2D7D4FD31A6B9152889CC"}]}]},"effects":[],"duration":0.01,"type":"transition","attributes":{"direction":0},"name":"none","objectID":"0"}],"automaticPlay":false,"hyperlinks":[],"accessibility":[{"text":"￼","targetRectangle":{"y":1038.7800302505493,"x":1890.8349829391809,"width":20.394000000000005,"height":26}},{"text":"Whitespace tokenization","targetRectangle":{"y":134,"x":85.83333432674408,"width":536.80000000000007,"height":61}},{"text":"Segment on whitespace, compute vocabulary from top-k ranked words, add extra token for OOV words.","targetRectangle":{"y":195,"x":129.83333444595337,"width":1630.5480000000011,"height":43}},{"text":"Character tokenization","targetRectangle":{"y":238,"x":85.83333432674408,"width":494.45000000000005,"height":61}},{"text":"Segments on characters, very simple, but often limits performance on downstream tasks","targetRectangle":{"y":299,"x":129.83333444595337,"width":1384.2360000000003,"height":43}},{"text":"Subword tokenization methods","targetRectangle":{"y":342,"x":85.83333432674408,"width":680.25000000000011,"height":61}},{"text":"Byte-Pair Encoding (BPE)","targetRectangle":{"y":403,"x":129.83333432674408,"width":541.70000000000005,"height":61}},{"text":"Recursive algorithm to compute the common unicode character sequences in a dataset. Recursion stops based on frequency hyperparameter. ","targetRectangle":{"y":464,"x":137.83333444595337,"width":1685.8799999999999,"height":86}},{"text":"WordPiece","targetRectangle":{"y":550,"x":129.83333432674408,"width":237.64999999999998,"height":61}},{"text":"Similar to BPE, but instead of adding a sequence based on frequency alone, it normalizes frequency by the frequency of its constituent unicode character(s) \/ pairs. ","targetRectangle":{"y":611,"x":137.83333444595337,"width":1721.6999999999998,"height":86}},{"text":"Unigram Language Model","targetRectangle":{"y":697,"x":129.83333432674408,"width":566.89999999999998,"height":61}},{"text":"Starts with a complete vocabulary, and progressively shrinks it by removing tokens that result in the bottom percentile of log likelihood loss when removed.  ","targetRectangle":{"y":758,"x":137.83333444595337,"width":1724.0039999999999,"height":86}},{"text":"SentencePiece","targetRectangle":{"y":844,"x":129.83333432674408,"width":329.94999999999999,"height":61}},{"text":"Completely agnostic to whitespace by including “\\\\s” in the set of characters it recognizes, and is thus the only language agnostic tokenizer. It uses BPE+Unigram tokenization for subword regularization. ","targetRectangle":{"y":905,"x":137.83333444595337,"width":1762.6320000000001,"height":86}},{"text":"Tokenization","targetRectangle":{"y":4,"x":40,"width":400.61000000000001,"height":84}}],"baseLayer":{"animations":[],"initialState":{"affineTransform":[1,0,0,1,0,0],"masksToBounds":false,"rotation":0,"scale":1,"position":{"pointX":960,"pointY":540},"width":1920,"sublayerTransform":[1,0,0,0,0,1,0,0,0,0,1,0,0,0,0,1],"contentsRect":{"y":0,"x":0,"width":1,"height":1},"opacity":1,"edgeAntialiasingMask":251658240,"height":1080,"hidden":false,"anchorPoint":{"pointX":0.5,"pointY":0.5}},"objectID":"0","layers":[{"animations":[],"initialState":{"affineTransform":[1,0,0,1,0,0],"masksToBounds":false,"rotation":0,"scale":1,"position":{"pointX":960,"pointY":540},"width":1920,"sublayerTransform":[1,0,0,0,0,1,0,0,0,0,1,-0.00035007912466775983,0,0,0,1],"contentsRect":{"y":0,"x":0,"width":1,"height":1},"opacity":1,"edgeAntialiasingMask":251658240,"height":1080,"hidden":false,"anchorPoint":{"pointX":0.5,"pointY":0.5}},"layers":[{"animations":[],"layers":[],"texturedRectangle":{"isBackgroundTexture":false,"singleTextureOpacity":1,"textureType":0,"textBaseline":0,"textXHeight":0,"isVerticalText":false},"initialState":{"affineTransform":[1,0,0,1,0,0],"masksToBounds":false,"rotation":0,"scale":1,"position":{"pointX":960,"pointY":540},"width":1920,"sublayerTransform":[1,0,0,0,0,1,0,0,0,0,1,0,0,0,0,1],"contentsRect":{"y":0,"x":0,"width":1,"height":1},"opacity":1,"edgeAntialiasingMask":0,"height":1080,"hidden":false,"anchorPoint":{"pointX":0.5,"pointY":0.5}},"texture":"35059B3C25E2D7D4FD31A6B9152889CC"}]}]}}]}