{"assets":{"C5FB5BFC6E1E0D157B82EC911CADFE40":{"type":"texture","index":0,"assetRequest":{"type":"slide","state":"contents","slide":"none"},"url":{"native":"assets\/FF2EF069-5D68-4F60-8CDF-5180AB0674CF.pdf"},"width":1920,"height":1080},"520B1A6AF245E0790749D17127C0EC6F":{"type":"texture","index":1,"assetRequest":{"type":"slide","state":"contents","slide":"none"},"url":{"native":"assets\/FF2EF069-5D68-4F60-8CDF-5180AB0674CF.pdf"},"width":1920,"height":1080}},"events":[{"effects":[{"beginTime":0,"baseLayer":{"animations":[],"initialState":{"affineTransform":[1,0,0,1,0,0],"masksToBounds":false,"rotation":0,"scale":1,"position":{"pointX":960,"pointY":540},"width":1920,"sublayerTransform":[1,0,0,0,0,1,0,0,0,0,1,0,0,0,0,1],"contentsRect":{"y":0,"x":0,"width":1,"height":1},"opacity":1,"edgeAntialiasingMask":251658240,"height":1080,"hidden":false,"anchorPoint":{"pointX":0.5,"pointY":0.5}},"objectID":"0","layers":[{"animations":[],"initialState":{"affineTransform":[1,0,0,1,0,0],"masksToBounds":false,"rotation":0,"scale":1,"position":{"pointX":960,"pointY":540},"width":1920,"sublayerTransform":[1,0,0,0,0,1,0,0,0,0,1,-0.00035007912466775983,0,0,0,1],"contentsRect":{"y":0,"x":0,"width":1,"height":1},"opacity":1,"edgeAntialiasingMask":251658240,"height":1080,"hidden":false,"anchorPoint":{"pointX":0.5,"pointY":0.5}},"layers":[{"animations":[],"layers":[],"texturedRectangle":{"isBackgroundTexture":false,"singleTextureOpacity":1,"textureType":0,"textBaseline":0,"textXHeight":0,"isVerticalText":false},"initialState":{"affineTransform":[1,0,0,1,0,0],"masksToBounds":false,"rotation":0,"scale":1,"position":{"pointX":960,"pointY":540},"width":1920,"sublayerTransform":[1,0,0,0,0,1,0,0,0,0,1,0,0,0,0,1],"contentsRect":{"y":0,"x":0,"width":1,"height":1},"opacity":1,"edgeAntialiasingMask":0,"height":1080,"hidden":false,"anchorPoint":{"pointX":0.5,"pointY":0.5}},"texture":"520B1A6AF245E0790749D17127C0EC6F"},{"animations":[{"additive":false,"timeOffset":0,"beginTime":0,"from":{"scalar":false},"repeatCount":0,"fillMode":"both","duration":0.01,"autoreverses":false,"property":"hidden","to":{"scalar":true},"removedOnCompletion":false}],"layers":[],"texturedRectangle":{"isBackgroundTexture":false,"singleTextureOpacity":1,"textureType":0,"textBaseline":0,"textXHeight":0,"isVerticalText":false},"initialState":{"affineTransform":[1,0,0,1,0,0],"masksToBounds":false,"rotation":0,"scale":1,"position":{"pointX":960,"pointY":540},"width":1920,"sublayerTransform":[1,0,0,0,0,1,0,0,0,0,1,0,0,0,0,1],"contentsRect":{"y":0,"x":0,"width":1,"height":1},"opacity":1,"edgeAntialiasingMask":0,"height":1080,"hidden":false,"anchorPoint":{"pointX":0.5,"pointY":0.5}},"texture":"C5FB5BFC6E1E0D157B82EC911CADFE40"}]}]},"effects":[],"duration":0.01,"type":"transition","attributes":{"direction":0},"name":"none","objectID":"0"}],"automaticPlay":false,"hyperlinks":[{"url":"https:\/\/nlp.seas.harvard.edu\/2018\/04\/03\/attention.html","targetRectangle":{"y":933.73608859380056,"x":1116.5522657877602,"width":205.53599999999983,"height":21.839999675750732}}],"accessibility":[{"text":"pasted-image.pdf","targetRectangle":{"y":166.99626465136109,"x":1361.3219605742911,"width":379.92158987890434,"height":369.16851806640625}},{"text":"equation.pdf","targetRectangle":{"y":934.05463155110544,"x":1386.9584484895072,"width":7.2539999999999054,"height":15.461999999999989}},{"text":"equation.pdf","targetRectangle":{"y":774.72131856282419,"x":1009.9087658723198,"width":13.355186243839285,"height":15.083459999999945}},{"text":"Position Embeddings","targetRectangle":{"y":143.62119809662286,"x":59.90774027506513,"width":165.42400000000001,"height":21.839999675750732}},{"text":"Conceptually simple","targetRectangle":{"y":219.65438946088182,"x":111.24107487996406,"width":153.40799999999996,"height":21.839999675750732}},{"text":"Easy to implement","targetRectangle":{"y":263.65438946088182,"x":111.24107487996406,"width":138.25600000000003,"height":21.839999675750732}},{"text":"Adds set of learnable parameters","targetRectangle":{"y":307.65438946088182,"x":111.24107487996406,"width":247.60000000000008,"height":21.839999675750732}},{"text":"Maximum context length at test time limited to max sequence length in training set","targetRectangle":{"y":351.65438946088182,"x":111.24107487996406,"width":279.904,"height":65.839999675750732}},{"text":"Embedding quality diminishes (in theory) with t","targetRectangle":{"y":439.65438946088182,"x":111.24107487996406,"width":253.23199999999997,"height":43.839999675750732}},{"text":"Captures the property of absolute position invariance which is desirable","targetRectangle":{"y":241.65439240137744,"x":1025.5506673455243,"width":258.27200000000016,"height":65.839999675750732}},{"text":"Conceptually and practically more complex; on the surface this results in (T-1)^2 different inputs because each input will have T-1 separate representations (there is a hack that turns this into 2T-1)","targetRectangle":{"y":329.65439240137744,"x":1025.5506673455243,"width":272.5920000000001,"height":131.83999967575073}},{"text":"Taken from The Annotated Transformer","targetRectangle":{"y":933.73608859380056,"x":1029.3682657877603,"width":292.7199999999998,"height":21.839999675750732}},{"text":"pasted-image.pdf","targetRectangle":{"y":647.72263081868357,"x":1023.6479101975762,"width":721.32175752130922,"height":300.4477491038233}},{"text":"Attention and sequential structure","targetRectangle":{"y":4.0000000000000071,"x":40,"width":1083.95,"height":84}},{"text":"Relative position embeddings","targetRectangle":{"y":578.33352903524951,"x":59.907740116119513,"width":232.27199999999999,"height":21.839999675750732}},{"text":"pasted-image.pdf","targetRectangle":{"y":152.23554722598385,"x":524.45375806180391,"width":394.5625,"height":373.84375}},{"text":"pasted-image.pdf","targetRectangle":{"y":664.75093291848702,"x":531.78188306662196,"width":379.90624999999989,"height":267.73739624023438}},{"text":"Embedding illustrations taken from Bloem (2020) ","targetRectangle":{"y":1050.4028152227418,"x":776.11199248981461,"width":372.01600000000008,"height":21.839999675750732}},{"text":"Captures the property of absolute position invariance which is desirable","targetRectangle":{"y":655.69962954521111,"x":111.24107487996419,"width":258.27199999999999,"height":65.839999675750732}},{"text":"Like absolute position embeddings, limited in context length at inference","targetRectangle":{"y":743.69962954521111,"x":111.24107487996419,"width":276.33600000000013,"height":43.839999675750732}},{"text":"Conceptually and practically more complex; on the surface this results in (T-1)^2 different inputs because each input will have T-1 separate representations (there is a hack that turns this into 2T-1)","targetRectangle":{"y":809.69962954521111,"x":111.24107487996419,"width":272.59200000000004,"height":131.83999967575073}},{"text":"Position encodings","targetRectangle":{"y":143.62119797865535,"x":979.24107487996298,"width":149.44000000000005,"height":21.839999675750732}}],"baseLayer":{"animations":[],"initialState":{"affineTransform":[1,0,0,1,0,0],"masksToBounds":false,"rotation":0,"scale":1,"position":{"pointX":960,"pointY":540},"width":1920,"sublayerTransform":[1,0,0,0,0,1,0,0,0,0,1,0,0,0,0,1],"contentsRect":{"y":0,"x":0,"width":1,"height":1},"opacity":1,"edgeAntialiasingMask":251658240,"height":1080,"hidden":false,"anchorPoint":{"pointX":0.5,"pointY":0.5}},"objectID":"0","layers":[{"animations":[],"initialState":{"affineTransform":[1,0,0,1,0,0],"masksToBounds":false,"rotation":0,"scale":1,"position":{"pointX":960,"pointY":540},"width":1920,"sublayerTransform":[1,0,0,0,0,1,0,0,0,0,1,-0.00035007912466775983,0,0,0,1],"contentsRect":{"y":0,"x":0,"width":1,"height":1},"opacity":1,"edgeAntialiasingMask":251658240,"height":1080,"hidden":false,"anchorPoint":{"pointX":0.5,"pointY":0.5}},"layers":[{"animations":[],"layers":[],"texturedRectangle":{"isBackgroundTexture":false,"singleTextureOpacity":1,"textureType":0,"textBaseline":0,"textXHeight":0,"isVerticalText":false},"initialState":{"affineTransform":[1,0,0,1,0,0],"masksToBounds":false,"rotation":0,"scale":1,"position":{"pointX":960,"pointY":540},"width":1920,"sublayerTransform":[1,0,0,0,0,1,0,0,0,0,1,0,0,0,0,1],"contentsRect":{"y":0,"x":0,"width":1,"height":1},"opacity":1,"edgeAntialiasingMask":0,"height":1080,"hidden":false,"anchorPoint":{"pointX":0.5,"pointY":0.5}},"texture":"C5FB5BFC6E1E0D157B82EC911CADFE40"}]}]}}]}