{"assets":{"168164F8A3CCC2022C2C07D6E5194C18":{"type":"texture","index":1,"assetRequest":{"type":"slide","state":"contents","slide":"none"},"url":{"native":"assets\/FF2EF069-5D68-4F60-8CDF-5180AB0674CF.pdf"},"width":1920,"height":1080},"8C007E3B3D9A1BD9F4983FA64C6612A3":{"type":"texture","index":0,"assetRequest":{"type":"slide","state":"contents","slide":"none"},"url":{"native":"assets\/FF2EF069-5D68-4F60-8CDF-5180AB0674CF.pdf"},"width":1920,"height":1080}},"events":[{"effects":[{"beginTime":0,"baseLayer":{"animations":[],"initialState":{"affineTransform":[1,0,0,1,0,0],"masksToBounds":false,"rotation":0,"scale":1,"position":{"pointX":960,"pointY":540},"width":1920,"sublayerTransform":[1,0,0,0,0,1,0,0,0,0,1,0,0,0,0,1],"contentsRect":{"y":0,"x":0,"width":1,"height":1},"opacity":1,"edgeAntialiasingMask":251658240,"height":1080,"hidden":false,"anchorPoint":{"pointX":0.5,"pointY":0.5}},"objectID":"0","layers":[{"animations":[],"initialState":{"affineTransform":[1,0,0,1,0,0],"masksToBounds":false,"rotation":0,"scale":1,"position":{"pointX":960,"pointY":540},"width":1920,"sublayerTransform":[1,0,0,0,0,1,0,0,0,0,1,-0.00035007912466775983,0,0,0,1],"contentsRect":{"y":0,"x":0,"width":1,"height":1},"opacity":1,"edgeAntialiasingMask":251658240,"height":1080,"hidden":false,"anchorPoint":{"pointX":0.5,"pointY":0.5}},"layers":[{"animations":[],"layers":[],"texturedRectangle":{"isBackgroundTexture":false,"singleTextureOpacity":1,"textureType":0,"textBaseline":0,"textXHeight":0,"isVerticalText":false},"initialState":{"affineTransform":[1,0,0,1,0,0],"masksToBounds":false,"rotation":0,"scale":1,"position":{"pointX":960,"pointY":540},"width":1920,"sublayerTransform":[1,0,0,0,0,1,0,0,0,0,1,0,0,0,0,1],"contentsRect":{"y":0,"x":0,"width":1,"height":1},"opacity":1,"edgeAntialiasingMask":0,"height":1080,"hidden":false,"anchorPoint":{"pointX":0.5,"pointY":0.5}},"texture":"168164F8A3CCC2022C2C07D6E5194C18"},{"animations":[{"additive":false,"timeOffset":0,"beginTime":0,"from":{"scalar":false},"repeatCount":0,"fillMode":"both","duration":0.01,"autoreverses":false,"property":"hidden","to":{"scalar":true},"removedOnCompletion":false}],"layers":[],"texturedRectangle":{"isBackgroundTexture":false,"singleTextureOpacity":1,"textureType":0,"textBaseline":0,"textXHeight":0,"isVerticalText":false},"initialState":{"affineTransform":[1,0,0,1,0,0],"masksToBounds":false,"rotation":0,"scale":1,"position":{"pointX":960,"pointY":540},"width":1920,"sublayerTransform":[1,0,0,0,0,1,0,0,0,0,1,0,0,0,0,1],"contentsRect":{"y":0,"x":0,"width":1,"height":1},"opacity":1,"edgeAntialiasingMask":0,"height":1080,"hidden":false,"anchorPoint":{"pointX":0.5,"pointY":0.5}},"texture":"8C007E3B3D9A1BD9F4983FA64C6612A3"}]}]},"effects":[],"duration":0.01,"type":"transition","attributes":{"direction":0},"name":"none","objectID":"0"}],"automaticPlay":false,"hyperlinks":[{"url":"https:\/\/nlp.seas.harvard.edu\/2018\/04\/03\/attention.html","targetRectangle":{"y":933.73606765270233,"x":1116.5522861328125,"width":205.53599999999983,"height":21.839999675750732}}],"accessibility":[{"text":"Embedding illustrations taken from Bloem (2020) ","targetRectangle":{"y":1050.4027546644211,"x":776.11196948242184,"width":372.01600000000019,"height":21.839999675750732}},{"text":"Relative position embeddings","targetRectangle":{"y":578.33354079723358,"x":59.907741546630859,"width":232.27199999999999,"height":21.839999675750732}},{"text":"Taken from The Annotated Transformer","targetRectangle":{"y":933.73606765270233,"x":1029.3682861328125,"width":292.7199999999998,"height":21.839999675750732}},{"text":"pasted-image.pdf","targetRectangle":{"y":664.75091552734375,"x":531.7818603515625,"width":379.90625,"height":267.73739624023438}},{"text":"pasted-image.pdf","targetRectangle":{"y":166.99626159667969,"x":1361.3219604492188,"width":379.92158987890434,"height":369.16851806640625}},{"text":"Captures the property of absolute position invariance which is desirable","targetRectangle":{"y":655.69962739944458,"x":111.24107360839844,"width":258.27199999999999,"height":65.839999675750732}},{"text":"Like absolute position embeddings, limited in context length at inference","targetRectangle":{"y":743.69962739944458,"x":111.24107360839844,"width":276.33600000000013,"height":43.839999675750732}},{"text":"Conceptually and practically more complex; on the surface this results in (T-1)^2 different inputs because each input will have T-1 separate representations (there is a hack that turns this into 2T-1)","targetRectangle":{"y":809.69962739944458,"x":111.24107360839844,"width":272.59200000000004,"height":131.83999967575073}},{"text":"Position encodings","targetRectangle":{"y":143.62119948863983,"x":979.2410888671875,"width":149.44000000000005,"height":21.839999675750732}},{"text":"￼","targetRectangle":{"y":1038.7800302505493,"x":1890.5709820144984,"width":20.922000000000025,"height":26}},{"text":"equation.pdf","targetRectangle":{"y":774.72134399414062,"x":1009.9087524414062,"width":13.355186243839285,"height":15.083459999999945}},{"text":"Conceptually simple","targetRectangle":{"y":219.6544017791748,"x":111.24107360839844,"width":153.40800000000002,"height":21.839999675750732}},{"text":"Easy to implement","targetRectangle":{"y":263.6544017791748,"x":111.24107360839844,"width":138.25600000000003,"height":21.839999675750732}},{"text":"Adds set of learnable parameters","targetRectangle":{"y":307.6544017791748,"x":111.24107360839844,"width":247.60000000000002,"height":21.839999675750732}},{"text":"Maximum context length at test time limited to max sequence length in training set","targetRectangle":{"y":351.6544017791748,"x":111.24107360839844,"width":279.904,"height":65.839999675750732}},{"text":"Embedding quality diminishes (in theory) with t","targetRectangle":{"y":439.6544017791748,"x":111.24107360839844,"width":253.23199999999997,"height":43.839999675750732}},{"text":"equation.pdf","targetRectangle":{"y":934.05465698242188,"x":1386.9584350585938,"width":7.2539999999999054,"height":15.461999999999989}},{"text":"Captures the property of absolute position invariance which is desirable","targetRectangle":{"y":241.65440464019775,"x":1025.5506591796875,"width":258.27199999999993,"height":65.839999675750732}},{"text":"Conceptually and practically more complex; on the surface this results in (T-1)^2 different inputs because each input will have T-1 separate representations (there is a hack that turns this into 2T-1)","targetRectangle":{"y":329.65440464019775,"x":1025.5506591796875,"width":272.5920000000001,"height":131.83999967575073}},{"text":"Position Embeddings","targetRectangle":{"y":143.62119948863983,"x":59.907741546630859,"width":165.42400000000001,"height":21.839999675750732}},{"text":"pasted-image.pdf","targetRectangle":{"y":647.72265625,"x":1023.6478967666626,"width":721.32175752130934,"height":300.4477491038233}},{"text":"pasted-image.pdf","targetRectangle":{"y":152.23554992675781,"x":524.45376586914062,"width":394.5625,"height":373.84375}},{"text":"Attention and sequential structure","targetRectangle":{"y":4.0000000000000071,"x":40,"width":1083.95,"height":84}}],"baseLayer":{"animations":[],"initialState":{"affineTransform":[1,0,0,1,0,0],"masksToBounds":false,"rotation":0,"scale":1,"position":{"pointX":960,"pointY":540},"width":1920,"sublayerTransform":[1,0,0,0,0,1,0,0,0,0,1,0,0,0,0,1],"contentsRect":{"y":0,"x":0,"width":1,"height":1},"opacity":1,"edgeAntialiasingMask":251658240,"height":1080,"hidden":false,"anchorPoint":{"pointX":0.5,"pointY":0.5}},"objectID":"0","layers":[{"animations":[],"initialState":{"affineTransform":[1,0,0,1,0,0],"masksToBounds":false,"rotation":0,"scale":1,"position":{"pointX":960,"pointY":540},"width":1920,"sublayerTransform":[1,0,0,0,0,1,0,0,0,0,1,-0.00035007912466775983,0,0,0,1],"contentsRect":{"y":0,"x":0,"width":1,"height":1},"opacity":1,"edgeAntialiasingMask":251658240,"height":1080,"hidden":false,"anchorPoint":{"pointX":0.5,"pointY":0.5}},"layers":[{"animations":[],"layers":[],"texturedRectangle":{"isBackgroundTexture":false,"singleTextureOpacity":1,"textureType":0,"textBaseline":0,"textXHeight":0,"isVerticalText":false},"initialState":{"affineTransform":[1,0,0,1,0,0],"masksToBounds":false,"rotation":0,"scale":1,"position":{"pointX":960,"pointY":540},"width":1920,"sublayerTransform":[1,0,0,0,0,1,0,0,0,0,1,0,0,0,0,1],"contentsRect":{"y":0,"x":0,"width":1,"height":1},"opacity":1,"edgeAntialiasingMask":0,"height":1080,"hidden":false,"anchorPoint":{"pointX":0.5,"pointY":0.5}},"texture":"8C007E3B3D9A1BD9F4983FA64C6612A3"}]}]}}]}