{"autoplayTransitionDelay":5,"author":"","timestamp":"2021-24-11 14:11:7","loopSlideshow":0,"filename":"lecture-11.key","autoplayBuildDelay":2,"comment":"","title":"lecture-11.key","showMode":0,"creator":"Apple Keynote 11.1","slideList":["3860B916-F918-4E87-9C56-12C349CDFDEB","F18410C4-CA73-4432-B42A-534FFF20C3DB","A87F1303-788B-461E-A0ED-9DFB8B8B26D2","024D0219-E0B0-4FC0-A600-F964837B00DB","A328F463-B765-4465-B12C-51AAAA80356A","B98BADE5-D325-4279-BE36-CDDD97EAF413","805E0232-5137-4EE2-BE28-1DBB09E0E65B","07ECC2F1-7E66-4657-A9BA-224CFA73AD60","4CDA55ED-111E-45A0-A6E8-57661C3C1482","2D74E1B7-9AD0-4780-AC64-6D1FE2C33260","59A52CDD-42C2-4C7B-826F-1654C5F946C9","50299971-38AD-4686-84A7-D41DA71BE04F","F0BF5D8F-4995-4270-9141-AFA3296D9BC8"],"soundtrack":{"mode":0,"volume":1},"slideWidth":1920,"slideHeight":1080,"slideCount":13,"majorVersion":1,"minorVersion":2,"fonts":["HelveticaNeue","ProximaNova-Regular","Graphik-RegularItalic","ProximaNova-Bold","Helvetica","Graphik-Medium","Graphik-Regular","Graphik-Semibold"]}