{"assets":{"C7A8567B6AB15303C5FE63ABD34A79A6":{"type":"texture","index":0,"assetRequest":{"type":"slide","state":"contents","slide":"none"},"url":{"native":"assets\/F18410C4-CA73-4432-B42A-534FFF20C3DB.pdf"},"width":1920,"height":1080},"FAFC75385B258256958006115EA9AA57":{"type":"texture","index":1,"assetRequest":{"type":"slide","state":"contents","slide":"none"},"url":{"native":"assets\/F18410C4-CA73-4432-B42A-534FFF20C3DB.pdf"},"width":1920,"height":1080}},"events":[{"effects":[{"beginTime":0,"baseLayer":{"animations":[],"initialState":{"affineTransform":[1,0,0,1,0,0],"masksToBounds":false,"rotation":0,"scale":1,"position":{"pointX":960,"pointY":540},"width":1920,"sublayerTransform":[1,0,0,0,0,1,0,0,0,0,1,0,0,0,0,1],"contentsRect":{"y":0,"x":0,"width":1,"height":1},"opacity":1,"edgeAntialiasingMask":251658240,"height":1080,"hidden":false,"anchorPoint":{"pointX":0.5,"pointY":0.5}},"objectID":"0","layers":[{"animations":[],"initialState":{"affineTransform":[1,0,0,1,0,0],"masksToBounds":false,"rotation":0,"scale":1,"position":{"pointX":960,"pointY":540},"width":1920,"sublayerTransform":[1,0,0,0,0,1,0,0,0,0,1,-0.00035007912466775983,0,0,0,1],"contentsRect":{"y":0,"x":0,"width":1,"height":1},"opacity":1,"edgeAntialiasingMask":251658240,"height":1080,"hidden":false,"anchorPoint":{"pointX":0.5,"pointY":0.5}},"layers":[{"animations":[],"layers":[],"texturedRectangle":{"isBackgroundTexture":false,"singleTextureOpacity":1,"textureType":0,"textBaseline":0,"textXHeight":0,"isVerticalText":false},"initialState":{"affineTransform":[1,0,0,1,0,0],"masksToBounds":false,"rotation":0,"scale":1,"position":{"pointX":960,"pointY":540},"width":1920,"sublayerTransform":[1,0,0,0,0,1,0,0,0,0,1,0,0,0,0,1],"contentsRect":{"y":0,"x":0,"width":1,"height":1},"opacity":1,"edgeAntialiasingMask":0,"height":1080,"hidden":false,"anchorPoint":{"pointX":0.5,"pointY":0.5}},"texture":"FAFC75385B258256958006115EA9AA57"},{"animations":[{"additive":false,"timeOffset":0,"beginTime":0,"from":{"scalar":false},"repeatCount":0,"fillMode":"both","duration":0.01,"autoreverses":false,"property":"hidden","to":{"scalar":true},"removedOnCompletion":false}],"layers":[],"texturedRectangle":{"isBackgroundTexture":false,"singleTextureOpacity":1,"textureType":0,"textBaseline":0,"textXHeight":0,"isVerticalText":false},"initialState":{"affineTransform":[1,0,0,1,0,0],"masksToBounds":false,"rotation":0,"scale":1,"position":{"pointX":960,"pointY":540},"width":1920,"sublayerTransform":[1,0,0,0,0,1,0,0,0,0,1,0,0,0,0,1],"contentsRect":{"y":0,"x":0,"width":1,"height":1},"opacity":1,"edgeAntialiasingMask":0,"height":1080,"hidden":false,"anchorPoint":{"pointX":0.5,"pointY":0.5}},"texture":"C7A8567B6AB15303C5FE63ABD34A79A6"}]}]},"effects":[],"duration":0.01,"type":"transition","attributes":{"direction":0},"name":"none","objectID":"0"}],"automaticPlay":false,"hyperlinks":[],"accessibility":[{"text":"￼","targetRectangle":{"y":1038.7800302505493,"x":1894.5639819078206,"width":12.935999999999922,"height":26}},{"text":"Review: Assignment 2","targetRectangle":{"y":134,"x":85.83333432674408,"width":482.04999999999995,"height":61}},{"text":"Lecture (90 min):","targetRectangle":{"y":195,"x":85.83333432674408,"width":365.69999999999999,"height":61}},{"text":"Lecture 08 recap","targetRectangle":{"y":256,"x":129.83333492279053,"width":299.31999999999999,"height":48}},{"text":"Convolutions","targetRectangle":{"y":304,"x":173.83333492279053,"width":229.75999999999999,"height":48}},{"text":"Recurrent connections","targetRectangle":{"y":352,"x":173.83333492279053,"width":393.88,"height":48}},{"text":"Autoregressive modeling with RNNs","targetRectangle":{"y":400,"x":129.83333492279053,"width":631.68000000000018,"height":48}},{"text":"Encoder-decoder models","targetRectangle":{"y":448,"x":173.83333492279053,"width":443.75999999999999,"height":48}},{"text":"Neural machine translation (NMT)","targetRectangle":{"y":496,"x":173.83333492279053,"width":581.71999999999991,"height":48}},{"text":"The inference gap, decoherence, and the information bottleneck","targetRectangle":{"y":544,"x":173.83333492279053,"width":1133.8399999999999,"height":48}},{"text":"Self attention","targetRectangle":{"y":592,"x":129.83333492279053,"width":231.43999999999994,"height":48}},{"text":"Transformers","targetRectangle":{"y":640,"x":129.83333492279053,"width":228.35999999999996,"height":48}},{"text":"Lab (60 min):","targetRectangle":{"y":688,"x":85.83333432674408,"width":281.35000000000002,"height":61}},{"text":"Finetune BERT base on DBpedia14","targetRectangle":{"y":749,"x":129.83333492279053,"width":607.56000000000006,"height":48}},{"text":"Lesson plan","targetRectangle":{"y":4,"x":40,"width":377.15999999999997,"height":84}}],"baseLayer":{"animations":[],"initialState":{"affineTransform":[1,0,0,1,0,0],"masksToBounds":false,"rotation":0,"scale":1,"position":{"pointX":960,"pointY":540},"width":1920,"sublayerTransform":[1,0,0,0,0,1,0,0,0,0,1,0,0,0,0,1],"contentsRect":{"y":0,"x":0,"width":1,"height":1},"opacity":1,"edgeAntialiasingMask":251658240,"height":1080,"hidden":false,"anchorPoint":{"pointX":0.5,"pointY":0.5}},"objectID":"0","layers":[{"animations":[],"initialState":{"affineTransform":[1,0,0,1,0,0],"masksToBounds":false,"rotation":0,"scale":1,"position":{"pointX":960,"pointY":540},"width":1920,"sublayerTransform":[1,0,0,0,0,1,0,0,0,0,1,-0.00035007912466775983,0,0,0,1],"contentsRect":{"y":0,"x":0,"width":1,"height":1},"opacity":1,"edgeAntialiasingMask":251658240,"height":1080,"hidden":false,"anchorPoint":{"pointX":0.5,"pointY":0.5}},"layers":[{"animations":[],"layers":[],"texturedRectangle":{"isBackgroundTexture":false,"singleTextureOpacity":1,"textureType":0,"textBaseline":0,"textXHeight":0,"isVerticalText":false},"initialState":{"affineTransform":[1,0,0,1,0,0],"masksToBounds":false,"rotation":0,"scale":1,"position":{"pointX":960,"pointY":540},"width":1920,"sublayerTransform":[1,0,0,0,0,1,0,0,0,0,1,0,0,0,0,1],"contentsRect":{"y":0,"x":0,"width":1,"height":1},"opacity":1,"edgeAntialiasingMask":0,"height":1080,"hidden":false,"anchorPoint":{"pointX":0.5,"pointY":0.5}},"texture":"C7A8567B6AB15303C5FE63ABD34A79A6"}]}]}}]}