{"assets":{"6CFA9A41DA29171356FD546590B3F08D":{"type":"texture","index":0,"assetRequest":{"type":"slide","state":"contents","slide":"none"},"url":{"native":"assets\/50299971-38AD-4686-84A7-D41DA71BE04F.pdf"},"width":1920,"height":1080},"FB0D4890A767310CB5AAC63AE364B888":{"type":"texture","index":1,"assetRequest":{"type":"slide","state":"contents","slide":"none"},"url":{"native":"assets\/50299971-38AD-4686-84A7-D41DA71BE04F.pdf"},"width":1920,"height":1080}},"events":[{"effects":[{"beginTime":0,"baseLayer":{"animations":[],"initialState":{"affineTransform":[1,0,0,1,0,0],"masksToBounds":false,"rotation":0,"scale":1,"position":{"pointX":960,"pointY":540},"width":1920,"sublayerTransform":[1,0,0,0,0,1,0,0,0,0,1,0,0,0,0,1],"contentsRect":{"y":0,"x":0,"width":1,"height":1},"opacity":1,"edgeAntialiasingMask":251658240,"height":1080,"hidden":false,"anchorPoint":{"pointX":0.5,"pointY":0.5}},"objectID":"0","layers":[{"animations":[],"initialState":{"affineTransform":[1,0,0,1,0,0],"masksToBounds":false,"rotation":0,"scale":1,"position":{"pointX":960,"pointY":540},"width":1920,"sublayerTransform":[1,0,0,0,0,1,0,0,0,0,1,-0.00035007912466775983,0,0,0,1],"contentsRect":{"y":0,"x":0,"width":1,"height":1},"opacity":1,"edgeAntialiasingMask":251658240,"height":1080,"hidden":false,"anchorPoint":{"pointX":0.5,"pointY":0.5}},"layers":[{"animations":[],"layers":[],"texturedRectangle":{"isBackgroundTexture":false,"singleTextureOpacity":1,"textureType":0,"textBaseline":0,"textXHeight":0,"isVerticalText":false},"initialState":{"affineTransform":[1,0,0,1,0,0],"masksToBounds":false,"rotation":0,"scale":1,"position":{"pointX":960,"pointY":540},"width":1920,"sublayerTransform":[1,0,0,0,0,1,0,0,0,0,1,0,0,0,0,1],"contentsRect":{"y":0,"x":0,"width":1,"height":1},"opacity":1,"edgeAntialiasingMask":0,"height":1080,"hidden":false,"anchorPoint":{"pointX":0.5,"pointY":0.5}},"texture":"FB0D4890A767310CB5AAC63AE364B888"},{"animations":[{"additive":false,"timeOffset":0,"beginTime":0,"from":{"scalar":false},"repeatCount":0,"fillMode":"both","duration":0.01,"autoreverses":false,"property":"hidden","to":{"scalar":true},"removedOnCompletion":false}],"layers":[],"texturedRectangle":{"isBackgroundTexture":false,"singleTextureOpacity":1,"textureType":0,"textBaseline":0,"textXHeight":0,"isVerticalText":false},"initialState":{"affineTransform":[1,0,0,1,0,0],"masksToBounds":false,"rotation":0,"scale":1,"position":{"pointX":960,"pointY":540},"width":1920,"sublayerTransform":[1,0,0,0,0,1,0,0,0,0,1,0,0,0,0,1],"contentsRect":{"y":0,"x":0,"width":1,"height":1},"opacity":1,"edgeAntialiasingMask":0,"height":1080,"hidden":false,"anchorPoint":{"pointX":0.5,"pointY":0.5}},"texture":"6CFA9A41DA29171356FD546590B3F08D"}]}]},"effects":[],"duration":0.01,"type":"transition","attributes":{"direction":0},"name":"none","objectID":"0"}],"automaticPlay":false,"hyperlinks":[],"accessibility":[{"text":"pasted-image.pdf","targetRectangle":{"y":652.62591552734375,"x":807.58306884765625,"width":822.3612060546875,"height":380.825927734375}},{"text":"pasted-image.pdf","targetRectangle":{"y":112.30276489257812,"x":916.499267578125,"width":636.47509765625,"height":428.2813720703125}},{"text":"Semi-supervised learning","targetRectangle":{"y":585.68504226207733,"x":598.47894287109375,"width":201.66399999999999,"height":21.839999675750732}},{"text":"￼","targetRectangle":{"y":1038.7800302505493,"x":1890.8349829391809,"width":20.394000000000005,"height":26}},{"text":"Zhu et al., (Oct 2021)","targetRectangle":{"y":585.68504226207733,"x":1675.3683354492186,"width":160.6880000000001,"height":21.839999675750732}},{"text":"The future of ASR","targetRectangle":{"y":4,"x":40,"width":562.80000000000007,"height":84}},{"text":"Feature Representation Learning","targetRectangle":{"y":93.6113041639328,"x":599.9542236328125,"width":257.50399999999991,"height":21.839999675750732}},{"text":"Schneider et al., (2019)","targetRectangle":{"y":93.6113041639328,"x":1656.4685367431641,"width":180.41599999999994,"height":21.839999675750732}},{"text":"Features","targetRectangle":{"y":142.06993103027338,"x":61.333332061767436,"width":122.97600000000003,"height":38}},{"text":"* Raw audio features will become more and more prevalent, MFCCs opposite","targetRectangle":{"y":180.06993103027338,"x":151.33333206176744,"width":349.24800000000005,"height":152}},{"text":"Multilingual systems","targetRectangle":{"y":332.06993103027338,"x":61.333332061767436,"width":281.27999999999997,"height":38}},{"text":"* Training data across all languages is becoming (slowly, but accelerating) more and more abundant. In 5-10 years this problem is likely to go away.","targetRectangle":{"y":370.06993103027338,"x":151.33333206176744,"width":350.17600000000004,"height":266.00000000000006}},{"text":"Self-supervision is the next big hurdle","targetRectangle":{"y":636.06993103027344,"x":61.333332061767436,"width":434.976,"height":76}},{"text":"* This propelled language modeling, and so it should be a goal to develop encoding mechanisms and training procedures that leverage unlabeled data.","targetRectangle":{"y":712.06993103027344,"x":151.33333206176744,"width":361.40800000000002,"height":266}}],"baseLayer":{"animations":[],"initialState":{"affineTransform":[1,0,0,1,0,0],"masksToBounds":false,"rotation":0,"scale":1,"position":{"pointX":960,"pointY":540},"width":1920,"sublayerTransform":[1,0,0,0,0,1,0,0,0,0,1,0,0,0,0,1],"contentsRect":{"y":0,"x":0,"width":1,"height":1},"opacity":1,"edgeAntialiasingMask":251658240,"height":1080,"hidden":false,"anchorPoint":{"pointX":0.5,"pointY":0.5}},"objectID":"0","layers":[{"animations":[],"initialState":{"affineTransform":[1,0,0,1,0,0],"masksToBounds":false,"rotation":0,"scale":1,"position":{"pointX":960,"pointY":540},"width":1920,"sublayerTransform":[1,0,0,0,0,1,0,0,0,0,1,-0.00035007912466775983,0,0,0,1],"contentsRect":{"y":0,"x":0,"width":1,"height":1},"opacity":1,"edgeAntialiasingMask":251658240,"height":1080,"hidden":false,"anchorPoint":{"pointX":0.5,"pointY":0.5}},"layers":[{"animations":[],"layers":[],"texturedRectangle":{"isBackgroundTexture":false,"singleTextureOpacity":1,"textureType":0,"textBaseline":0,"textXHeight":0,"isVerticalText":false},"initialState":{"affineTransform":[1,0,0,1,0,0],"masksToBounds":false,"rotation":0,"scale":1,"position":{"pointX":960,"pointY":540},"width":1920,"sublayerTransform":[1,0,0,0,0,1,0,0,0,0,1,0,0,0,0,1],"contentsRect":{"y":0,"x":0,"width":1,"height":1},"opacity":1,"edgeAntialiasingMask":0,"height":1080,"hidden":false,"anchorPoint":{"pointX":0.5,"pointY":0.5}},"texture":"6CFA9A41DA29171356FD546590B3F08D"}]}]}}]}