{"autoplayTransitionDelay":5,"author":"","timestamp":"2021-11-28 12:10:4","loopSlideshow":0,"filename":"lecture-09.key","autoplayBuildDelay":2,"comment":"","title":"lecture-09.key","showMode":0,"creator":"Apple Keynote 11.1","slideList":["3860B916-F918-4E87-9C56-12C349CDFDEB","F18410C4-CA73-4432-B42A-534FFF20C3DB","A87F1303-788B-461E-A0ED-9DFB8B8B26D2","E92E4BC9-49D0-4095-9FC6-9D4A4B6529F2","D51B51DC-A163-466D-A697-AEED3DB77740","D21E4C9C-FBDE-4F0E-84C9-319E74CD761F","54CCE28B-A2C8-4EE5-89CE-A426E8E41C7D","737A2429-0CD8-4AB9-92E1-50A58EDE8126","7194770C-409F-4A0B-95C2-FDFD58044A8F","FF2EF069-5D68-4F60-8CDF-5180AB0674CF","655B2955-7237-4F1A-B622-C153C50027E3","5D61DE7B-477F-4390-9BD8-6142E993BAB8","71F063D0-B5AA-4149-96A5-78D7C56C1E61","F0BF5D8F-4995-4270-9141-AFA3296D9BC8"],"soundtrack":{"mode":0,"volume":1},"slideWidth":1920,"slideHeight":1080,"slideCount":14,"majorVersion":1,"minorVersion":2,"fonts":["CourierNewPSMT","HelveticaNeue","ProximaNova-Regular","ProximaNova-Bold","Times-Roman","Graphik-RegularItalic","Helvetica","Graphik-Medium","Graphik-Regular","Graphik-Semibold"]}