{"assets":{"64A1F5A13C0CCEAD1E751A458C0DE209":{"type":"texture","index":0,"assetRequest":{"type":"slide","state":"contents","slide":"none"},"url":{"native":"assets\/59A52CDD-42C2-4C7B-826F-1654C5F946C9.pdf"},"width":1920,"height":1080},"6CFA9A41DA29171356FD546590B3F08D":{"type":"texture","index":1,"assetRequest":{"type":"slide","state":"contents","slide":"none"},"url":{"native":"assets\/59A52CDD-42C2-4C7B-826F-1654C5F946C9.pdf"},"width":1920,"height":1080}},"events":[{"effects":[{"beginTime":0,"baseLayer":{"animations":[],"initialState":{"affineTransform":[1,0,0,1,0,0],"masksToBounds":false,"rotation":0,"scale":1,"position":{"pointX":960,"pointY":540},"width":1920,"sublayerTransform":[1,0,0,0,0,1,0,0,0,0,1,0,0,0,0,1],"contentsRect":{"y":0,"x":0,"width":1,"height":1},"opacity":1,"edgeAntialiasingMask":251658240,"height":1080,"hidden":false,"anchorPoint":{"pointX":0.5,"pointY":0.5}},"objectID":"0","layers":[{"animations":[],"initialState":{"affineTransform":[1,0,0,1,0,0],"masksToBounds":false,"rotation":0,"scale":1,"position":{"pointX":960,"pointY":540},"width":1920,"sublayerTransform":[1,0,0,0,0,1,0,0,0,0,1,-0.00035007912466775983,0,0,0,1],"contentsRect":{"y":0,"x":0,"width":1,"height":1},"opacity":1,"edgeAntialiasingMask":251658240,"height":1080,"hidden":false,"anchorPoint":{"pointX":0.5,"pointY":0.5}},"layers":[{"animations":[],"layers":[],"texturedRectangle":{"isBackgroundTexture":false,"singleTextureOpacity":1,"textureType":0,"textBaseline":0,"textXHeight":0,"isVerticalText":false},"initialState":{"affineTransform":[1,0,0,1,0,0],"masksToBounds":false,"rotation":0,"scale":1,"position":{"pointX":960,"pointY":540},"width":1920,"sublayerTransform":[1,0,0,0,0,1,0,0,0,0,1,0,0,0,0,1],"contentsRect":{"y":0,"x":0,"width":1,"height":1},"opacity":1,"edgeAntialiasingMask":0,"height":1080,"hidden":false,"anchorPoint":{"pointX":0.5,"pointY":0.5}},"texture":"6CFA9A41DA29171356FD546590B3F08D"},{"animations":[{"additive":false,"timeOffset":0,"beginTime":0,"from":{"scalar":false},"repeatCount":0,"fillMode":"both","duration":0.01,"autoreverses":false,"property":"hidden","to":{"scalar":true},"removedOnCompletion":false}],"layers":[],"texturedRectangle":{"isBackgroundTexture":false,"singleTextureOpacity":1,"textureType":0,"textBaseline":0,"textXHeight":0,"isVerticalText":false},"initialState":{"affineTransform":[1,0,0,1,0,0],"masksToBounds":false,"rotation":0,"scale":1,"position":{"pointX":960,"pointY":540},"width":1920,"sublayerTransform":[1,0,0,0,0,1,0,0,0,0,1,0,0,0,0,1],"contentsRect":{"y":0,"x":0,"width":1,"height":1},"opacity":1,"edgeAntialiasingMask":0,"height":1080,"hidden":false,"anchorPoint":{"pointX":0.5,"pointY":0.5}},"texture":"64A1F5A13C0CCEAD1E751A458C0DE209"}]}]},"effects":[],"duration":0.01,"type":"transition","attributes":{"direction":0},"name":"none","objectID":"0"}],"automaticPlay":false,"hyperlinks":[],"accessibility":[{"text":"Data","targetRectangle":{"y":142.06993103027344,"x":61.333332061767578,"width":94.208000000000027,"height":55}},{"text":"* Unlike language modeling, speech data requires human labels","targetRectangle":{"y":197.06993103027344,"x":151.33333206176758,"width":1282.434,"height":55}},{"text":"* About $1\/min","targetRectangle":{"y":252.06993103027344,"x":205.33333206176758,"width":290.62799999999999,"height":55}},{"text":"* Read speech is much cheaper (<$10\/hr), but lacks a lot of the tonality\/inflection and conversationality that is often required for deployment in production settings.","targetRectangle":{"y":307.06993103027344,"x":205.33333206176758,"width":1431.52,"height":165}},{"text":"* Popular speech datasets (LibriSpeech) will provide you with about 5K hrs of data max.","targetRectangle":{"y":472.06993103027344,"x":151.33333206176758,"width":1551.626,"height":110}},{"text":"* Unlike text, speech data is highly varied in terms of quality, bit rate, disfluency.","targetRectangle":{"y":582.06993103027344,"x":151.33333206176758,"width":1374.2959999999998,"height":110}},{"text":"* Noise in environment, reverberation, echos, etc…","targetRectangle":{"y":692.06993103027344,"x":151.33333206176758,"width":1011.4020000000003,"height":55}},{"text":"* Biggest problem: speech varies wildly from person to person, in different settings etc..","targetRectangle":{"y":747.06993103027344,"x":151.33333206176758,"width":1497.9900000000002,"height":110}},{"text":"Advice","targetRectangle":{"y":912.06993103027344,"x":61.333332061767578,"width":138.27600000000001,"height":55}},{"text":"* Understand, engineer, control your data pipeline. Not your features.","targetRectangle":{"y":967.06993103027344,"x":151.33333206176758,"width":1381.8859999999997,"height":55}},{"text":"Practical concerns","targetRectangle":{"y":4,"x":40,"width":580.16000000000008,"height":84}},{"text":"￼","targetRectangle":{"y":1038.7800302505493,"x":1893.5739821628085,"width":14.91599999999994,"height":26}}],"baseLayer":{"animations":[],"initialState":{"affineTransform":[1,0,0,1,0,0],"masksToBounds":false,"rotation":0,"scale":1,"position":{"pointX":960,"pointY":540},"width":1920,"sublayerTransform":[1,0,0,0,0,1,0,0,0,0,1,0,0,0,0,1],"contentsRect":{"y":0,"x":0,"width":1,"height":1},"opacity":1,"edgeAntialiasingMask":251658240,"height":1080,"hidden":false,"anchorPoint":{"pointX":0.5,"pointY":0.5}},"objectID":"0","layers":[{"animations":[],"initialState":{"affineTransform":[1,0,0,1,0,0],"masksToBounds":false,"rotation":0,"scale":1,"position":{"pointX":960,"pointY":540},"width":1920,"sublayerTransform":[1,0,0,0,0,1,0,0,0,0,1,-0.00035007912466775983,0,0,0,1],"contentsRect":{"y":0,"x":0,"width":1,"height":1},"opacity":1,"edgeAntialiasingMask":251658240,"height":1080,"hidden":false,"anchorPoint":{"pointX":0.5,"pointY":0.5}},"layers":[{"animations":[],"layers":[],"texturedRectangle":{"isBackgroundTexture":false,"singleTextureOpacity":1,"textureType":0,"textBaseline":0,"textXHeight":0,"isVerticalText":false},"initialState":{"affineTransform":[1,0,0,1,0,0],"masksToBounds":false,"rotation":0,"scale":1,"position":{"pointX":960,"pointY":540},"width":1920,"sublayerTransform":[1,0,0,0,0,1,0,0,0,0,1,0,0,0,0,1],"contentsRect":{"y":0,"x":0,"width":1,"height":1},"opacity":1,"edgeAntialiasingMask":0,"height":1080,"hidden":false,"anchorPoint":{"pointX":0.5,"pointY":0.5}},"texture":"64A1F5A13C0CCEAD1E751A458C0DE209"}]}]}}]}