{"assets":{"0172D0A41B36C57D80459DE501DDE8D6":{"type":"texture","index":0,"assetRequest":{"type":"slide","state":"contents","slide":"none"},"url":{"native":"assets\/5D61DE7B-477F-4390-9BD8-6142E993BAB8.pdf"},"width":1920,"height":1080},"BD54AA68806082862EA72EA4A073A6CD":{"type":"texture","index":1,"assetRequest":{"type":"slide","state":"contents","slide":"none"},"url":{"native":"assets\/5D61DE7B-477F-4390-9BD8-6142E993BAB8.pdf"},"width":1920,"height":1080}},"events":[{"effects":[{"beginTime":0,"baseLayer":{"animations":[],"initialState":{"affineTransform":[1,0,0,1,0,0],"masksToBounds":false,"rotation":0,"scale":1,"position":{"pointX":960,"pointY":540},"width":1920,"sublayerTransform":[1,0,0,0,0,1,0,0,0,0,1,0,0,0,0,1],"contentsRect":{"y":0,"x":0,"width":1,"height":1},"opacity":1,"edgeAntialiasingMask":251658240,"height":1080,"hidden":false,"anchorPoint":{"pointX":0.5,"pointY":0.5}},"objectID":"0","layers":[{"animations":[],"initialState":{"affineTransform":[1,0,0,1,0,0],"masksToBounds":false,"rotation":0,"scale":1,"position":{"pointX":960,"pointY":540},"width":1920,"sublayerTransform":[1,0,0,0,0,1,0,0,0,0,1,-0.00035007912466775983,0,0,0,1],"contentsRect":{"y":0,"x":0,"width":1,"height":1},"opacity":1,"edgeAntialiasingMask":251658240,"height":1080,"hidden":false,"anchorPoint":{"pointX":0.5,"pointY":0.5}},"layers":[{"animations":[],"layers":[],"texturedRectangle":{"isBackgroundTexture":false,"singleTextureOpacity":1,"textureType":0,"textBaseline":0,"textXHeight":0,"isVerticalText":false},"initialState":{"affineTransform":[1,0,0,1,0,0],"masksToBounds":false,"rotation":0,"scale":1,"position":{"pointX":960,"pointY":540},"width":1920,"sublayerTransform":[1,0,0,0,0,1,0,0,0,0,1,0,0,0,0,1],"contentsRect":{"y":0,"x":0,"width":1,"height":1},"opacity":1,"edgeAntialiasingMask":0,"height":1080,"hidden":false,"anchorPoint":{"pointX":0.5,"pointY":0.5}},"texture":"BD54AA68806082862EA72EA4A073A6CD"},{"animations":[{"additive":false,"timeOffset":0,"beginTime":0,"from":{"scalar":false},"repeatCount":0,"fillMode":"both","duration":0.01,"autoreverses":false,"property":"hidden","to":{"scalar":true},"removedOnCompletion":false}],"layers":[],"texturedRectangle":{"isBackgroundTexture":false,"singleTextureOpacity":1,"textureType":0,"textBaseline":0,"textXHeight":0,"isVerticalText":false},"initialState":{"affineTransform":[1,0,0,1,0,0],"masksToBounds":false,"rotation":0,"scale":1,"position":{"pointX":960,"pointY":540},"width":1920,"sublayerTransform":[1,0,0,0,0,1,0,0,0,0,1,0,0,0,0,1],"contentsRect":{"y":0,"x":0,"width":1,"height":1},"opacity":1,"edgeAntialiasingMask":0,"height":1080,"hidden":false,"anchorPoint":{"pointX":0.5,"pointY":0.5}},"texture":"0172D0A41B36C57D80459DE501DDE8D6"}]}]},"effects":[],"duration":0.01,"type":"transition","attributes":{"direction":0},"name":"none","objectID":"0"}],"automaticPlay":false,"hyperlinks":[],"accessibility":[{"text":"equation.pdf","targetRectangle":{"y":824.77024157842129,"x":747.42677712440513,"width":107.64982672082738,"height":20.543819999999982}},{"text":"pasted-image.pdf","targetRectangle":{"y":164.79498295008349,"x":1275.4397854492177,"width":359.58834838867188,"height":750.4100341796875}},{"text":"GPT 2","targetRectangle":{"y":178.4027862946192,"x":73.241074879964188,"width":45.903999999999996,"height":21.839999675750732}},{"text":"equation.pdf","targetRectangle":{"y":671.51000456015413,"x":764.45057932535826,"width":97.602222222222167,"height":15.17999999999995}},{"text":"equation.pdf","targetRectangle":{"y":771.95282824834305,"x":760.67982896169042,"width":72.473067631359072,"height":20.548000000000002}},{"text":"Figure taken from Bloem, 2020","targetRectangle":{"y":914.32611485322309,"x":1343.7619429658293,"width":231.77599999999984,"height":21.839999675750732}},{"text":"equation.pdf","targetRectangle":{"y":362.90040167172776,"x":758.75625546773313,"width":71.9670676313591,"height":20.372000000000014}},{"text":"equation.pdf","targetRectangle":{"y":719.13541491826504,"x":757.15480454762792,"width":74.885027631359094,"height":20.548000000000002}},{"text":"Brown et al., Language Models are Few-Shot Learners (2020)","targetRectangle":{"y":905.89241095383909,"x":76.368265787760492,"width":450.84800000000007,"height":21.839999675750732}},{"text":"GPT 3","targetRectangle":{"y":587.54321285088747,"x":73.241074919700665,"width":46.495999999999995,"height":21.839999675750732}},{"text":"equation.pdf","targetRectangle":{"y":310.08299132188182,"x":758.23127547899901,"width":75.017027631359042,"height":20.372000000000014}},{"text":"equation.pdf","targetRectangle":{"y":415.71781194210041,"x":746.91487820943178,"width":107.64982672082726,"height":20.543819999999982}},{"text":"equation.pdf","targetRectangle":{"y":262.28158092002121,"x":766.93867818514502,"width":75.602222222222167,"height":15.355999999999995}},{"text":"Autoregressive model (i.e., causal, only backwards connections)","targetRectangle":{"y":223.64557111263326,"x":187.06240320205686,"width":478.97599999999989,"height":21.839999675750732}},{"text":"Uses BytePair tokens","targetRectangle":{"y":267.64557111263326,"x":187.06240320205686,"width":154.89599999999999,"height":21.839999675750732}},{"text":"Trained on WebText dataset (~8M high quality web pages)","targetRectangle":{"y":311.64557111263326,"x":187.06240320205686,"width":430.22399999999982,"height":21.839999675750732}},{"text":"Positional embeddings","targetRectangle":{"y":355.64557111263326,"x":187.06240320205686,"width":170.64000000000007,"height":21.839999675750732}},{"text":"1.5B parameters","targetRectangle":{"y":399.64557111263326,"x":187.06240320205686,"width":119.20000000000002,"height":21.839999675750732}},{"text":"￼","targetRectangle":{"y":1038.7800302505493,"x":1890.8349829391809,"width":20.394000000000005,"height":26}},{"text":"Brown et al., Language Models are Unsupervised Multitask Learners (2018)","targetRectangle":{"y":494.88835473855278,"x":74.368265867233319,"width":550.65600000000018,"height":21.839999675750789}},{"text":"“ ” except 175B parameters","targetRectangle":{"y":726.71781194210041,"x":185.5744069814682,"width":201.00800000000004,"height":21.839999675750732}},{"text":"LM pretraining on Common Crawl dataset (~1T words)","targetRectangle":{"y":770.71781194210041,"x":185.5744069814682,"width":400.24000000000001,"height":21.839999675750732}},{"text":"GPT (2018-present)","targetRectangle":{"y":4,"x":40,"width":613.05999999999983,"height":84}}],"baseLayer":{"animations":[],"initialState":{"affineTransform":[1,0,0,1,0,0],"masksToBounds":false,"rotation":0,"scale":1,"position":{"pointX":960,"pointY":540},"width":1920,"sublayerTransform":[1,0,0,0,0,1,0,0,0,0,1,0,0,0,0,1],"contentsRect":{"y":0,"x":0,"width":1,"height":1},"opacity":1,"edgeAntialiasingMask":251658240,"height":1080,"hidden":false,"anchorPoint":{"pointX":0.5,"pointY":0.5}},"objectID":"0","layers":[{"animations":[],"initialState":{"affineTransform":[1,0,0,1,0,0],"masksToBounds":false,"rotation":0,"scale":1,"position":{"pointX":960,"pointY":540},"width":1920,"sublayerTransform":[1,0,0,0,0,1,0,0,0,0,1,-0.00035007912466775983,0,0,0,1],"contentsRect":{"y":0,"x":0,"width":1,"height":1},"opacity":1,"edgeAntialiasingMask":251658240,"height":1080,"hidden":false,"anchorPoint":{"pointX":0.5,"pointY":0.5}},"layers":[{"animations":[],"layers":[],"texturedRectangle":{"isBackgroundTexture":false,"singleTextureOpacity":1,"textureType":0,"textBaseline":0,"textXHeight":0,"isVerticalText":false},"initialState":{"affineTransform":[1,0,0,1,0,0],"masksToBounds":false,"rotation":0,"scale":1,"position":{"pointX":960,"pointY":540},"width":1920,"sublayerTransform":[1,0,0,0,0,1,0,0,0,0,1,0,0,0,0,1],"contentsRect":{"y":0,"x":0,"width":1,"height":1},"opacity":1,"edgeAntialiasingMask":0,"height":1080,"hidden":false,"anchorPoint":{"pointX":0.5,"pointY":0.5}},"texture":"0172D0A41B36C57D80459DE501DDE8D6"}]}]}}]}