{"assets":{"AFB4535B67B4D111AF1A93C36C1361AD":{"type":"texture","index":1,"assetRequest":{"type":"slide","state":"contents","slide":"none"},"url":{"native":"assets\/54CCE28B-A2C8-4EE5-89CE-A426E8E41C7D.pdf"},"width":1920,"height":1080},"90A0CCA753354B84C4435CE5787B8CC4":{"type":"texture","index":0,"assetRequest":{"type":"slide","state":"contents","slide":"none"},"url":{"native":"assets\/54CCE28B-A2C8-4EE5-89CE-A426E8E41C7D.pdf"},"width":1920,"height":1080}},"events":[{"effects":[{"beginTime":0,"baseLayer":{"animations":[],"initialState":{"affineTransform":[1,0,0,1,0,0],"masksToBounds":false,"rotation":0,"scale":1,"position":{"pointX":960,"pointY":540},"width":1920,"sublayerTransform":[1,0,0,0,0,1,0,0,0,0,1,0,0,0,0,1],"contentsRect":{"y":0,"x":0,"width":1,"height":1},"opacity":1,"edgeAntialiasingMask":251658240,"height":1080,"hidden":false,"anchorPoint":{"pointX":0.5,"pointY":0.5}},"objectID":"0","layers":[{"animations":[],"initialState":{"affineTransform":[1,0,0,1,0,0],"masksToBounds":false,"rotation":0,"scale":1,"position":{"pointX":960,"pointY":540},"width":1920,"sublayerTransform":[1,0,0,0,0,1,0,0,0,0,1,-0.00035007912466775983,0,0,0,1],"contentsRect":{"y":0,"x":0,"width":1,"height":1},"opacity":1,"edgeAntialiasingMask":251658240,"height":1080,"hidden":false,"anchorPoint":{"pointX":0.5,"pointY":0.5}},"layers":[{"animations":[],"layers":[],"texturedRectangle":{"isBackgroundTexture":false,"singleTextureOpacity":1,"textureType":0,"textBaseline":0,"textXHeight":0,"isVerticalText":false},"initialState":{"affineTransform":[1,0,0,1,0,0],"masksToBounds":false,"rotation":0,"scale":1,"position":{"pointX":960,"pointY":540},"width":1920,"sublayerTransform":[1,0,0,0,0,1,0,0,0,0,1,0,0,0,0,1],"contentsRect":{"y":0,"x":0,"width":1,"height":1},"opacity":1,"edgeAntialiasingMask":0,"height":1080,"hidden":false,"anchorPoint":{"pointX":0.5,"pointY":0.5}},"texture":"AFB4535B67B4D111AF1A93C36C1361AD"},{"animations":[{"additive":false,"timeOffset":0,"beginTime":0,"from":{"scalar":false},"repeatCount":0,"fillMode":"both","duration":0.01,"autoreverses":false,"property":"hidden","to":{"scalar":true},"removedOnCompletion":false}],"layers":[],"texturedRectangle":{"isBackgroundTexture":false,"singleTextureOpacity":1,"textureType":0,"textBaseline":0,"textXHeight":0,"isVerticalText":false},"initialState":{"affineTransform":[1,0,0,1,0,0],"masksToBounds":false,"rotation":0,"scale":1,"position":{"pointX":960,"pointY":540},"width":1920,"sublayerTransform":[1,0,0,0,0,1,0,0,0,0,1,0,0,0,0,1],"contentsRect":{"y":0,"x":0,"width":1,"height":1},"opacity":1,"edgeAntialiasingMask":0,"height":1080,"hidden":false,"anchorPoint":{"pointX":0.5,"pointY":0.5}},"texture":"90A0CCA753354B84C4435CE5787B8CC4"}]}]},"effects":[],"duration":0.01,"type":"transition","attributes":{"direction":0},"name":"none","objectID":"0"}],"automaticPlay":false,"hyperlinks":[{"url":"https:\/\/ai.googleblog.com\/2017\/08\/transformer-novel-neural-network.html","targetRectangle":{"y":730.40283723672053,"x":1708.5879196178855,"width":27.008000000000038,"height":21.839999675750732}}],"accessibility":[{"text":"Taken from this Google AI blog post","targetRectangle":{"y":730.40283723672053,"x":1621.4039196178855,"width":268.06399999999985,"height":21.839999675750732}},{"text":"Explicit representation of the pair-wise similarities between tokens in a sequence.","targetRectangle":{"y":142.06993103027361,"x":61.33333206176718,"width":850.86200000000031,"height":110}},{"text":"Similarity measures in include inner product, either between raw features or learnable transformations of them (i.e. with a small FFNN). ","targetRectangle":{"y":252.06993103027361,"x":61.33333206176718,"width":899.62200000000007,"height":244}},{"text":"Interestingly, SA encodes the distributional hypothesis in the same way as word2vec.","targetRectangle":{"y":496.06993103027361,"x":61.33333206176718,"width":868.84799999999996,"height":134.00000000000006}},{"text":"In principle we can consider arbitrary amount of context, no “memory” required, all computation is parallelizable w.r.t. to sequence","targetRectangle":{"y":630.06993103027366,"x":61.33333206176718,"width":917.00999999999999,"height":244}},{"text":"But, attention of this form considers the input as a set, not a sequence … this problem has been addressed with transformer models.","targetRectangle":{"y":874.06993103027366,"x":61.33333206176718,"width":913.92800000000011,"height":189}},{"text":"Self Attention","targetRectangle":{"y":4.0000000000000071,"x":40,"width":434.13999999999999,"height":84}},{"text":"pasted-image.tiff","targetRectangle":{"y":389.49784728579641,"x":1016.6553844534742,"width":879.51476712395379,"height":341.59577607282699}}],"baseLayer":{"animations":[],"initialState":{"affineTransform":[1,0,0,1,0,0],"masksToBounds":false,"rotation":0,"scale":1,"position":{"pointX":960,"pointY":540},"width":1920,"sublayerTransform":[1,0,0,0,0,1,0,0,0,0,1,0,0,0,0,1],"contentsRect":{"y":0,"x":0,"width":1,"height":1},"opacity":1,"edgeAntialiasingMask":251658240,"height":1080,"hidden":false,"anchorPoint":{"pointX":0.5,"pointY":0.5}},"objectID":"0","layers":[{"animations":[],"initialState":{"affineTransform":[1,0,0,1,0,0],"masksToBounds":false,"rotation":0,"scale":1,"position":{"pointX":960,"pointY":540},"width":1920,"sublayerTransform":[1,0,0,0,0,1,0,0,0,0,1,-0.00035007912466775983,0,0,0,1],"contentsRect":{"y":0,"x":0,"width":1,"height":1},"opacity":1,"edgeAntialiasingMask":251658240,"height":1080,"hidden":false,"anchorPoint":{"pointX":0.5,"pointY":0.5}},"layers":[{"animations":[],"layers":[],"texturedRectangle":{"isBackgroundTexture":false,"singleTextureOpacity":1,"textureType":0,"textBaseline":0,"textXHeight":0,"isVerticalText":false},"initialState":{"affineTransform":[1,0,0,1,0,0],"masksToBounds":false,"rotation":0,"scale":1,"position":{"pointX":960,"pointY":540},"width":1920,"sublayerTransform":[1,0,0,0,0,1,0,0,0,0,1,0,0,0,0,1],"contentsRect":{"y":0,"x":0,"width":1,"height":1},"opacity":1,"edgeAntialiasingMask":0,"height":1080,"hidden":false,"anchorPoint":{"pointX":0.5,"pointY":0.5}},"texture":"90A0CCA753354B84C4435CE5787B8CC4"}]}]}}]}