{"assets":{"93FC2D0D977F83CD3D1E75E7EB467123":{"type":"texture","index":0,"assetRequest":{"type":"slide","state":"contents","slide":"none"},"url":{"native":"assets\/82EE55CB-A378-4594-995A-D38AFC905EE7.pdf"},"width":1920,"height":1080},"F877A584CB48F4632AF5DB74147A75A9":{"type":"texture","index":1,"assetRequest":{"type":"slide","state":"contents","slide":"none"},"url":{"native":"assets\/82EE55CB-A378-4594-995A-D38AFC905EE7.pdf"},"width":1920,"height":1080}},"events":[{"effects":[{"beginTime":0,"baseLayer":{"animations":[],"initialState":{"affineTransform":[1,0,0,1,0,0],"masksToBounds":false,"rotation":0,"scale":1,"position":{"pointX":960,"pointY":540},"width":1920,"sublayerTransform":[1,0,0,0,0,1,0,0,0,0,1,0,0,0,0,1],"contentsRect":{"y":0,"x":0,"width":1,"height":1},"opacity":1,"edgeAntialiasingMask":251658240,"height":1080,"hidden":false,"anchorPoint":{"pointX":0.5,"pointY":0.5}},"objectID":"0","layers":[{"animations":[],"initialState":{"affineTransform":[1,0,0,1,0,0],"masksToBounds":false,"rotation":0,"scale":1,"position":{"pointX":960,"pointY":540},"width":1920,"sublayerTransform":[1,0,0,0,0,1,0,0,0,0,1,-0.00035007912466775983,0,0,0,1],"contentsRect":{"y":0,"x":0,"width":1,"height":1},"opacity":1,"edgeAntialiasingMask":251658240,"height":1080,"hidden":false,"anchorPoint":{"pointX":0.5,"pointY":0.5}},"layers":[{"animations":[],"layers":[],"texturedRectangle":{"isBackgroundTexture":false,"singleTextureOpacity":1,"textureType":0,"textBaseline":0,"textXHeight":0,"isVerticalText":false},"initialState":{"affineTransform":[1,0,0,1,0,0],"masksToBounds":false,"rotation":0,"scale":1,"position":{"pointX":960,"pointY":540},"width":1920,"sublayerTransform":[1,0,0,0,0,1,0,0,0,0,1,0,0,0,0,1],"contentsRect":{"y":0,"x":0,"width":1,"height":1},"opacity":1,"edgeAntialiasingMask":0,"height":1080,"hidden":false,"anchorPoint":{"pointX":0.5,"pointY":0.5}},"texture":"F877A584CB48F4632AF5DB74147A75A9"},{"animations":[{"additive":false,"timeOffset":0,"beginTime":0,"from":{"scalar":false},"repeatCount":0,"fillMode":"both","duration":0.01,"autoreverses":false,"property":"hidden","to":{"scalar":true},"removedOnCompletion":false}],"layers":[],"texturedRectangle":{"isBackgroundTexture":false,"singleTextureOpacity":1,"textureType":0,"textBaseline":0,"textXHeight":0,"isVerticalText":false},"initialState":{"affineTransform":[1,0,0,1,0,0],"masksToBounds":false,"rotation":0,"scale":1,"position":{"pointX":960,"pointY":540},"width":1920,"sublayerTransform":[1,0,0,0,0,1,0,0,0,0,1,0,0,0,0,1],"contentsRect":{"y":0,"x":0,"width":1,"height":1},"opacity":1,"edgeAntialiasingMask":0,"height":1080,"hidden":false,"anchorPoint":{"pointX":0.5,"pointY":0.5}},"texture":"93FC2D0D977F83CD3D1E75E7EB467123"}]}]},"effects":[],"duration":0.01,"type":"transition","attributes":{"direction":0},"name":"none","objectID":"0"}],"automaticPlay":false,"hyperlinks":[],"accessibility":[{"text":"equation.pdf","targetRectangle":{"y":242.86196899414062,"x":331.99081420898438,"width":107.70211999999998,"height":30.9826801716614}},{"text":"￼","targetRectangle":{"y":1038.7800302505493,"x":1891.1759820950247,"width":19.711999999999989,"height":26}},{"text":"equation.pdf","targetRectangle":{"y":837.87554931640625,"x":281.75169372558594,"width":189.71758589932665,"height":35.495997884273493}},{"text":"Gradient Descent for softmax regression","targetRectangle":{"y":4,"x":40,"width":1282.4000000000003,"height":84}},{"text":"350px-Gradient_ascent_(contour).png","targetRectangle":{"y":174.56561279296875,"x":1247.0198974609375,"width":371.72085571289062,"height":369.59674072265625}},{"text":"equation.pdf","targetRectangle":{"y":316.21395874023438,"x":336.59393310546875,"width":222.35020739103481,"height":37.462680171661361}},{"text":"equation.pdf","targetRectangle":{"y":993.3402099609375,"x":199.23280334472656,"width":9,"height":30.996000000000095}},{"text":"- Source: Wikipedia","targetRectangle":{"y":1008.334904551506,"x":1333.5455684661865,"width":227.7360000000001,"height":30.759999513626099}},{"text":"equation.pdf","targetRectangle":{"y":909.78057861328125,"x":340.09346008300781,"width":345.88206757875241,"height":42.211753169530084}},{"text":"equation.pdf","targetRectangle":{"y":172.82774353027344,"x":120.62654113769531,"width":455.8305267321382,"height":34.163999999999987}},{"text":"equation.pdf","targetRectangle":{"y":245.73532104492188,"x":195.13705444335938,"width":86.377808917197456,"height":25.23599999999999}},{"text":"equation.pdf","targetRectangle":{"y":469.39794921875,"x":338.99081420898438,"width":159.23997446808511,"height":30.9826801716614}},{"text":"equation.pdf","targetRectangle":{"y":783.46685791015625,"x":188.293701171875,"width":392.70004048832061,"height":32.004000000000019}},{"text":"equation.pdf","targetRectangle":{"y":569.282958984375,"x":110.478515625,"width":803.99421055845107,"height":112.73976000000005}},{"text":"equation.pdf","targetRectangle":{"y":396.04595947265625,"x":338.99081420898438,"width":107.70211999999998,"height":30.9826801716614}},{"text":"450px-Gradient_ascent_(surface).png","targetRectangle":{"y":558.2371826171875,"x":1190.8712158203125,"width":513.0845947265625,"height":420.72940063476562}},{"text":"equation.pdf","targetRectangle":{"y":953.3402099609375,"x":287.23280334472656,"width":9,"height":30.995999999999981}},{"text":"equation.pdf","targetRectangle":{"y":723.0745849609375,"x":104.55355834960938,"width":350.6759790980816,"height":34.703997931480444}}],"baseLayer":{"animations":[],"initialState":{"affineTransform":[1,0,0,1,0,0],"masksToBounds":false,"rotation":0,"scale":1,"position":{"pointX":960,"pointY":540},"width":1920,"sublayerTransform":[1,0,0,0,0,1,0,0,0,0,1,0,0,0,0,1],"contentsRect":{"y":0,"x":0,"width":1,"height":1},"opacity":1,"edgeAntialiasingMask":251658240,"height":1080,"hidden":false,"anchorPoint":{"pointX":0.5,"pointY":0.5}},"objectID":"0","layers":[{"animations":[],"initialState":{"affineTransform":[1,0,0,1,0,0],"masksToBounds":false,"rotation":0,"scale":1,"position":{"pointX":960,"pointY":540},"width":1920,"sublayerTransform":[1,0,0,0,0,1,0,0,0,0,1,-0.00035007912466775983,0,0,0,1],"contentsRect":{"y":0,"x":0,"width":1,"height":1},"opacity":1,"edgeAntialiasingMask":251658240,"height":1080,"hidden":false,"anchorPoint":{"pointX":0.5,"pointY":0.5}},"layers":[{"animations":[],"layers":[],"texturedRectangle":{"isBackgroundTexture":false,"singleTextureOpacity":1,"textureType":0,"textBaseline":0,"textXHeight":0,"isVerticalText":false},"initialState":{"affineTransform":[1,0,0,1,0,0],"masksToBounds":false,"rotation":0,"scale":1,"position":{"pointX":960,"pointY":540},"width":1920,"sublayerTransform":[1,0,0,0,0,1,0,0,0,0,1,0,0,0,0,1],"contentsRect":{"y":0,"x":0,"width":1,"height":1},"opacity":1,"edgeAntialiasingMask":0,"height":1080,"hidden":false,"anchorPoint":{"pointX":0.5,"pointY":0.5}},"texture":"93FC2D0D977F83CD3D1E75E7EB467123"}]}]}}]}