{"assets":{"11D16273D79FF29F887723AE713D6823":{"type":"texture","index":1,"assetRequest":{"type":"slide","state":"contents","slide":"none"},"url":{"native":"assets\/E92E4BC9-49D0-4095-9FC6-9D4A4B6529F2.pdf"},"width":1920,"height":1080},"4211EC1C98E44C17C36D4C2AD2C2510A":{"type":"texture","index":0,"assetRequest":{"type":"slide","state":"contents","slide":"none"},"url":{"native":"assets\/E92E4BC9-49D0-4095-9FC6-9D4A4B6529F2.pdf"},"width":1920,"height":1080}},"events":[{"effects":[{"beginTime":0,"baseLayer":{"animations":[],"initialState":{"affineTransform":[1,0,0,1,0,0],"masksToBounds":false,"rotation":0,"scale":1,"position":{"pointX":960,"pointY":540},"width":1920,"sublayerTransform":[1,0,0,0,0,1,0,0,0,0,1,0,0,0,0,1],"contentsRect":{"y":0,"x":0,"width":1,"height":1},"opacity":1,"edgeAntialiasingMask":251658240,"height":1080,"hidden":false,"anchorPoint":{"pointX":0.5,"pointY":0.5}},"objectID":"0","layers":[{"animations":[],"initialState":{"affineTransform":[1,0,0,1,0,0],"masksToBounds":false,"rotation":0,"scale":1,"position":{"pointX":960,"pointY":540},"width":1920,"sublayerTransform":[1,0,0,0,0,1,0,0,0,0,1,-0.00035007912466775983,0,0,0,1],"contentsRect":{"y":0,"x":0,"width":1,"height":1},"opacity":1,"edgeAntialiasingMask":251658240,"height":1080,"hidden":false,"anchorPoint":{"pointX":0.5,"pointY":0.5}},"layers":[{"animations":[],"layers":[],"texturedRectangle":{"isBackgroundTexture":false,"singleTextureOpacity":1,"textureType":0,"textBaseline":0,"textXHeight":0,"isVerticalText":false},"initialState":{"affineTransform":[1,0,0,1,0,0],"masksToBounds":false,"rotation":0,"scale":1,"position":{"pointX":960,"pointY":540},"width":1920,"sublayerTransform":[1,0,0,0,0,1,0,0,0,0,1,0,0,0,0,1],"contentsRect":{"y":0,"x":0,"width":1,"height":1},"opacity":1,"edgeAntialiasingMask":0,"height":1080,"hidden":false,"anchorPoint":{"pointX":0.5,"pointY":0.5}},"texture":"11D16273D79FF29F887723AE713D6823"},{"animations":[{"additive":false,"timeOffset":0,"beginTime":0,"from":{"scalar":false},"repeatCount":0,"fillMode":"both","duration":0.01,"autoreverses":false,"property":"hidden","to":{"scalar":true},"removedOnCompletion":false}],"layers":[],"texturedRectangle":{"isBackgroundTexture":false,"singleTextureOpacity":1,"textureType":0,"textBaseline":0,"textXHeight":0,"isVerticalText":false},"initialState":{"affineTransform":[1,0,0,1,0,0],"masksToBounds":false,"rotation":0,"scale":1,"position":{"pointX":960,"pointY":540},"width":1920,"sublayerTransform":[1,0,0,0,0,1,0,0,0,0,1,0,0,0,0,1],"contentsRect":{"y":0,"x":0,"width":1,"height":1},"opacity":1,"edgeAntialiasingMask":0,"height":1080,"hidden":false,"anchorPoint":{"pointX":0.5,"pointY":0.5}},"texture":"4211EC1C98E44C17C36D4C2AD2C2510A"}]}]},"effects":[],"duration":0.01,"type":"transition","attributes":{"direction":0},"name":"none","objectID":"0"}],"automaticPlay":false,"hyperlinks":[],"accessibility":[{"text":"equation.pdf","targetRectangle":{"y":947.65240478515625,"x":398.9884033203125,"width":22.262040644259514,"height":16.757279087019015}},{"text":"equation.pdf","targetRectangle":{"y":954.63409423828125,"x":577.0263671875,"width":15.619999068975403,"height":2.7939998334645679}},{"text":"equation.pdf","targetRectangle":{"y":824.8443603515625,"x":327.4866943359375,"width":23.882041971180627,"height":15.461280085830708}},{"text":"equation.pdf","targetRectangle":{"y":549.15216064453125,"x":716.27532958984375,"width":19.424881971180639,"height":16.757280085830644}},{"text":"equation.pdf","targetRectangle":{"y":309.97055053710938,"x":775.35003662109375,"width":18.527845139493593,"height":18.886678874266124}},{"text":"equation.pdf","targetRectangle":{"y":376.34393310546875,"x":720.4359130859375,"width":10.583999369144408,"height":10.583999369144465}},{"text":"equation.pdf","targetRectangle":{"y":830.969970703125,"x":576.0792236328125,"width":15.619999068975403,"height":2.7939998334645679}},{"text":"equation.pdf","targetRectangle":{"y":824.8443603515625,"x":398.178466796875,"width":23.882041971180627,"height":15.461280085830708}},{"text":"equation.pdf","targetRectangle":{"y":690.5528564453125,"x":1739.705810546875,"width":15.576000000000022,"height":14.365999999999985}},{"text":"equation.pdf","targetRectangle":{"y":824.8443603515625,"x":468.8350830078125,"width":23.882041971180627,"height":15.461280085830708}},{"text":"equation.pdf","targetRectangle":{"y":175.57468175888062,"x":829.78271818161011,"width":23.201921752160615,"height":16.89536007629394}},{"text":"equation.pdf","targetRectangle":{"y":824.8443603515625,"x":679.781005859375,"width":26.211161971180672,"height":15.461280085830708}},{"text":"equation.pdf","targetRectangle":{"y":271.25616455078125,"x":1426.617431640625,"width":55.354619887521949,"height":19.865998815894102}},{"text":"equation.pdf","targetRectangle":{"y":950.445556640625,"x":184.835205078125,"width":15.575999999999993,"height":14.365999999999985}},{"text":"equation.pdf","targetRectangle":{"y":947.65240478515625,"x":681.9031982421875,"width":24.591161971180668,"height":16.757280085830644}},{"text":"Stacked RNN cells","targetRectangle":{"y":194.57733047008514,"x":216.98600903320312,"width":136.38400000000001,"height":21.839999675750732}},{"text":"feature maps ","targetRectangle":{"y":693.57707566022873,"x":1091.9307761669158,"width":95.205000000000155,"height":19.849999696016312}},{"text":"equation.pdf","targetRectangle":{"y":442.10308837890625,"x":775.53826904296875,"width":12.809966243839199,"height":17.829180000000008}},{"text":"equation.pdf","targetRectangle":{"y":264.05184936523438,"x":774.56011962890625,"width":13.39784624383924,"height":19.426679999999976}},{"text":"equation.pdf","targetRectangle":{"y":946.7181396484375,"x":1576.0880126953125,"width":29.833640630997024,"height":20.481118884134276}},{"text":"equation.pdf","targetRectangle":{"y":265.25830078125,"x":833.5086669921875,"width":10.583999369144408,"height":10.583999369144465}},{"text":"equation.pdf","targetRectangle":{"y":947.65240478515625,"x":468.443359375,"width":22.262040644259514,"height":16.757279087019015}},{"text":"equation.pdf","targetRectangle":{"y":376.34393310546875,"x":656.29833984375,"width":10.583999369144408,"height":10.583999369144465}},{"text":"equation.pdf","targetRectangle":{"y":313.21688842773438,"x":834.0897216796875,"width":9.97199999999998,"height":9.97199999999998}},{"text":"equation.pdf","targetRectangle":{"y":465.90399169921875,"x":1593.78662109375,"width":15.576000000000022,"height":14.365999999999985}},{"text":"<— maxpool —>","targetRectangle":{"y":626.69658249616623,"x":1408.7478168010712,"width":110.65499999999997,"height":19.849999696016312}},{"text":"equation.pdf","targetRectangle":{"y":432.85885620117188,"x":655.185302734375,"width":14.062405405654545,"height":16.909018992143842}},{"text":"equation.pdf","targetRectangle":{"y":376.25894165039062,"x":1340.0169677734375,"width":15.576000000000022,"height":14.365999999999985}},{"text":"Recap: RNNs and CNNs","targetRectangle":{"y":4,"x":40,"width":750.39999999999998,"height":84}},{"text":"CNN","targetRectangle":{"y":1039.1975544691086,"x":955.37234658813475,"width":37.008000000000038,"height":21.839999675750732}},{"text":"equation.pdf","targetRectangle":{"y":413.54580688476562,"x":114.45526123046875,"width":40.254245248247258,"height":25.671798469841463}},{"text":"equation.pdf","targetRectangle":{"y":95.094501495361328,"x":1434.2525634765625,"width":31.527640530026929,"height":23.231118720221517}},{"text":"equation.pdf","targetRectangle":{"y":947.65240478515625,"x":257.6048583984375,"width":22.262040644259514,"height":16.757279087019015}},{"text":"equation.pdf","targetRectangle":{"y":562.65087890625,"x":1412.9632568359375,"width":41.814715492613004,"height":20.008120093102434}},{"text":"equation.pdf","targetRectangle":{"y":954.800537109375,"x":1664.97265625,"width":15.576000000000022,"height":14.365999999999985}},{"text":"equation.pdf","targetRectangle":{"y":824.8443603515625,"x":257.784912109375,"width":23.882041971180627,"height":15.461280085830708}},{"text":"equation.pdf","targetRectangle":{"y":518.11669921875,"x":274.61380004882812,"width":25.899842628240833,"height":22.343040114440896}},{"text":"equation.pdf","targetRectangle":{"y":820.46673583984375,"x":1554.7789306640625,"width":31.785159999999905,"height":18.699120104904182}},{"text":"equation.pdf","targetRectangle":{"y":513.88604736328125,"x":1467.0103759765625,"width":51.574642533100132,"height":20.008120093102434}},{"text":"equation.pdf","targetRectangle":{"y":378.70263671875,"x":778.6512451171875,"width":9.0719994592666353,"height":7.9019995290041152}},{"text":"equation.pdf","targetRectangle":{"y":769.99200439453125,"x":1609.081298828125,"width":31.785159999999905,"height":18.699120104904182}},{"text":"equation.pdf","targetRectangle":{"y":946.7181396484375,"x":1222.6292724609375,"width":27.209160787428345,"height":20.481118884134276}},{"text":"equation.pdf","targetRectangle":{"y":323.02081298828125,"x":1326.8975830078125,"width":41.814715492613004,"height":20.008120093102434}},{"text":"equation.pdf","targetRectangle":{"y":1042.9344482421875,"x":477.5018310546875,"width":12.627999999999986,"height":14.365999999999985}},{"text":"equation.pdf","targetRectangle":{"y":233.94282531738281,"x":423.12362670898438,"width":28.112697177104849,"height":31.112880000000018}},{"text":"equation.pdf","targetRectangle":{"y":377.05715942382812,"x":612.377197265625,"width":9.97199999999998,"height":9.97199999999998}},{"text":"equation.pdf","targetRectangle":{"y":713.776123046875,"x":1651.988037109375,"width":41.54508704048726,"height":18.699120104904182}},{"text":"equation.pdf","targetRectangle":{"y":947.65240478515625,"x":328.296630859375,"width":22.262040644259514,"height":16.757279087019015}},{"text":"equation.pdf","targetRectangle":{"y":374.31253051757812,"x":828.2781982421875,"width":21.044881971180644,"height":15.461280085830708}},{"text":"equation.pdf","targetRectangle":{"y":946.7181396484375,"x":1293.321044921875,"width":27.209160787428345,"height":20.481118884134276}},{"text":"equation.pdf","targetRectangle":{"y":431.98336791992188,"x":607.84820556640625,"width":19.192406243839287,"height":16.369019999999978}},{"text":"equation.pdf","targetRectangle":{"y":946.7181396484375,"x":1151.9375,"width":27.209160787428345,"height":20.481118884134276}},{"text":"equation.pdf","targetRectangle":{"y":946.7181396484375,"x":1364.0128173828125,"width":27.209160787428345,"height":20.481118884134276}},{"text":"DIFFERENTIABLE BLOCK(S)","targetRectangle":{"y":188.53277587890625,"x":1238.7533347167969,"width":416.19200000000001,"height":41.679999351501465}},{"text":"transpose  + concat","targetRectangle":{"y":384.99043625593185,"x":1403.3892149925232,"width":137.6099999999999,"height":19.849999696016312}},{"text":"Hidden state transition","targetRectangle":{"y":177.50793206691742,"x":73.241073608398438,"width":103.15199999999999,"height":43.839999675750732}},{"text":"equation.pdf","targetRectangle":{"y":485.33892822265625,"x":776.32623291015625,"width":17.939966243839194,"height":17.289179999999988}},{"text":"equation.pdf","targetRectangle":{"y":717.37127685546875,"x":679.210205078125,"width":25.977161971180635,"height":19.007280085830644}},{"text":"equation.pdf","targetRectangle":{"y":227.44625854492188,"x":828.56768798828125,"width":21.921750252286188,"height":12.370139999999992}},{"text":"equation.pdf","targetRectangle":{"y":612.69256591796875,"x":1356.7099609375,"width":41.814715492613004,"height":20.008120093102434}},{"text":"convolution ","targetRectangle":{"y":879.71367233991623,"x":1372.6210117816925,"width":87.180000000000064,"height":19.849999696016312}},{"text":"equation.pdf","targetRectangle":{"y":443.72567749023438,"x":720.14569091796875,"width":10.583999369144408,"height":10.583999369144465}},{"text":"equation.pdf","targetRectangle":{"y":486.39193725585938,"x":721.00177001953125,"width":9.97199999999998,"height":9.97199999999998}},{"text":"equation.pdf","targetRectangle":{"y":322.64617919921875,"x":1815.3438720703125,"width":6.2260000000001128,"height":14.872000000000014}},{"text":"equation.pdf","targetRectangle":{"y":1042.2646484375,"x":1371.3033447265625,"width":12.627999999999929,"height":14.365999999999985}},{"text":"equation.pdf","targetRectangle":{"y":845.8525390625,"x":1600.9498291015625,"width":62.048111111111211,"height":12.188999999999965}},{"text":"￼","targetRectangle":{"y":1038.7800302505493,"x":1894.8939825318812,"width":12.276000000000067,"height":26}},{"text":"equation.pdf","targetRectangle":{"y":824.6363525390625,"x":189.13824462890625,"width":23.882041971180655,"height":15.461280085830708}},{"text":"RNN","targetRectangle":{"y":1039.1975544691086,"x":884.95022143554684,"width":36.016000000000076,"height":21.839999675750732}},{"text":"Traditional RNN cell (single)","targetRectangle":{"y":159.10717678070068,"x":524.18426513671875,"width":217.45600000000002,"height":21.839999675750732}},{"text":"More common variants: LSTM, GRU","targetRectangle":{"y":181.10717678070068,"x":524.18426513671875,"width":181.51999999999998,"height":43.839999675750732}},{"text":"equation.pdf","targetRectangle":{"y":374.32144165039062,"x":540.326416015625,"width":36.189181971180687,"height":15.461280085830708}}],"baseLayer":{"animations":[],"initialState":{"affineTransform":[1,0,0,1,0,0],"masksToBounds":false,"rotation":0,"scale":1,"position":{"pointX":960,"pointY":540},"width":1920,"sublayerTransform":[1,0,0,0,0,1,0,0,0,0,1,0,0,0,0,1],"contentsRect":{"y":0,"x":0,"width":1,"height":1},"opacity":1,"edgeAntialiasingMask":251658240,"height":1080,"hidden":false,"anchorPoint":{"pointX":0.5,"pointY":0.5}},"objectID":"0","layers":[{"animations":[],"initialState":{"affineTransform":[1,0,0,1,0,0],"masksToBounds":false,"rotation":0,"scale":1,"position":{"pointX":960,"pointY":540},"width":1920,"sublayerTransform":[1,0,0,0,0,1,0,0,0,0,1,-0.00035007912466775983,0,0,0,1],"contentsRect":{"y":0,"x":0,"width":1,"height":1},"opacity":1,"edgeAntialiasingMask":251658240,"height":1080,"hidden":false,"anchorPoint":{"pointX":0.5,"pointY":0.5}},"layers":[{"animations":[],"layers":[],"texturedRectangle":{"isBackgroundTexture":false,"singleTextureOpacity":1,"textureType":0,"textBaseline":0,"textXHeight":0,"isVerticalText":false},"initialState":{"affineTransform":[1,0,0,1,0,0],"masksToBounds":false,"rotation":0,"scale":1,"position":{"pointX":960,"pointY":540},"width":1920,"sublayerTransform":[1,0,0,0,0,1,0,0,0,0,1,0,0,0,0,1],"contentsRect":{"y":0,"x":0,"width":1,"height":1},"opacity":1,"edgeAntialiasingMask":0,"height":1080,"hidden":false,"anchorPoint":{"pointX":0.5,"pointY":0.5}},"texture":"4211EC1C98E44C17C36D4C2AD2C2510A"}]}]}}]}