{"autoplayTransitionDelay":5,"author":"","timestamp":"2021-6-3 20:9:8","loopSlideshow":0,"filename":"lecture-02.key","autoplayBuildDelay":2,"comment":"","title":"lecture-02.key","showMode":0,"creator":"Apple Keynote 11.1","slideList":["3860B916-F918-4E87-9C56-12C349CDFDEB","F18410C4-CA73-4432-B42A-534FFF20C3DB","3FFBACB8-B01A-427C-AADC-0F1AE0CD61A1","0AEBCB66-753E-4855-8C46-46D5BCDD59D3","7F74CDA1-65A8-4CE8-AD18-42066BC95B8C","CF804439-AAC9-4407-A985-E92C7D256E30","4A71DE90-F41D-4DE0-9F88-EF247AE6E50C","55C064F3-242E-4E77-99A1-D57CF3FA1684","A2A10380-2C0A-496D-939F-D46E818708B6","76FC4309-BEBF-4376-AD05-E4CC833211D0","F854CBBA-D407-418D-A5F0-E34100FB7522","F0554FD1-5FB4-4813-AC80-4D610E0A9072","6571D753-6E8C-4F6F-A86A-4A1006661C2F","BDB12E50-0F42-46E1-8C72-80108D35C2C4","A74A7A4A-DC65-4053-AEA8-FC78840A738C","9F873B70-1224-47F6-B73D-7FFB4E1FA51D","D78E2AD9-C4F1-45A6-A042-DC201F8E47FC","BB856B6B-5660-44D6-A44C-11D22B480BAB","EFBC729E-1986-479D-B4F1-2C450D7B72F0","5910EB1E-EC20-4941-8448-76723E8CC1F0","127C3518-3124-4123-9691-090AE6D6DD63","3A79AA45-591B-473A-9044-560B875D1D4E"],"soundtrack":{"mode":0,"volume":1},"slideWidth":1920,"slideHeight":1080,"slideCount":22,"majorVersion":1,"minorVersion":2,"fonts":["CourierNewPSMT","HelveticaNeue","ProximaNova-Regular","ProximaNova-Bold","Graphik-RegularItalic","Helvetica","TimesNewRomanPS-ItalicMT","Graphik-Medium","Graphik-Regular","Graphik-Semibold","TimesNewRomanPSMT"]}