{"assets":{"35059B3C25E2D7D4FD31A6B9152889CC":{"type":"texture","index":1,"assetRequest":{"type":"slide","state":"contents","slide":"none"},"url":{"native":"assets\/5910EB1E-EC20-4941-8448-76723E8CC1F0.pdf"},"width":1920,"height":1080},"CC7872EF084B9DF3D6AE814D2C22E570":{"type":"texture","index":0,"assetRequest":{"type":"slide","state":"contents","slide":"none"},"url":{"native":"assets\/5910EB1E-EC20-4941-8448-76723E8CC1F0.pdf"},"width":1920,"height":1080}},"events":[{"effects":[{"beginTime":0,"baseLayer":{"animations":[],"initialState":{"affineTransform":[1,0,0,1,0,0],"masksToBounds":false,"rotation":0,"scale":1,"position":{"pointX":960,"pointY":540},"width":1920,"sublayerTransform":[1,0,0,0,0,1,0,0,0,0,1,0,0,0,0,1],"contentsRect":{"y":0,"x":0,"width":1,"height":1},"opacity":1,"edgeAntialiasingMask":251658240,"height":1080,"hidden":false,"anchorPoint":{"pointX":0.5,"pointY":0.5}},"objectID":"0","layers":[{"animations":[],"initialState":{"affineTransform":[1,0,0,1,0,0],"masksToBounds":false,"rotation":0,"scale":1,"position":{"pointX":960,"pointY":540},"width":1920,"sublayerTransform":[1,0,0,0,0,1,0,0,0,0,1,-0.00035007912466775983,0,0,0,1],"contentsRect":{"y":0,"x":0,"width":1,"height":1},"opacity":1,"edgeAntialiasingMask":251658240,"height":1080,"hidden":false,"anchorPoint":{"pointX":0.5,"pointY":0.5}},"layers":[{"animations":[],"layers":[],"texturedRectangle":{"isBackgroundTexture":false,"singleTextureOpacity":1,"textureType":0,"textBaseline":0,"textXHeight":0,"isVerticalText":false},"initialState":{"affineTransform":[1,0,0,1,0,0],"masksToBounds":false,"rotation":0,"scale":1,"position":{"pointX":960,"pointY":540},"width":1920,"sublayerTransform":[1,0,0,0,0,1,0,0,0,0,1,0,0,0,0,1],"contentsRect":{"y":0,"x":0,"width":1,"height":1},"opacity":1,"edgeAntialiasingMask":0,"height":1080,"hidden":false,"anchorPoint":{"pointX":0.5,"pointY":0.5}},"texture":"35059B3C25E2D7D4FD31A6B9152889CC"},{"animations":[{"additive":false,"timeOffset":0,"beginTime":0,"from":{"scalar":false},"repeatCount":0,"fillMode":"both","duration":0.01,"autoreverses":false,"property":"hidden","to":{"scalar":true},"removedOnCompletion":false}],"layers":[],"texturedRectangle":{"isBackgroundTexture":false,"singleTextureOpacity":1,"textureType":0,"textBaseline":0,"textXHeight":0,"isVerticalText":false},"initialState":{"affineTransform":[1,0,0,1,0,0],"masksToBounds":false,"rotation":0,"scale":1,"position":{"pointX":960,"pointY":540},"width":1920,"sublayerTransform":[1,0,0,0,0,1,0,0,0,0,1,0,0,0,0,1],"contentsRect":{"y":0,"x":0,"width":1,"height":1},"opacity":1,"edgeAntialiasingMask":0,"height":1080,"hidden":false,"anchorPoint":{"pointX":0.5,"pointY":0.5}},"texture":"CC7872EF084B9DF3D6AE814D2C22E570"}]}]},"effects":[],"duration":0.01,"type":"transition","attributes":{"direction":0},"name":"none","objectID":"0"}],"automaticPlay":false,"hyperlinks":[],"accessibility":[{"text":"“The quick brown fox jumped over the lazy dog”","targetRectangle":{"y":209.18037480115891,"x":354.27886962890625,"width":828.134765625,"height":35}},{"text":"Screen Shot 2021-08-13 at 8.15.10 AM.png","targetRectangle":{"y":532.89422607421875,"x":488.90896606445312,"width":942.18206787109375,"height":310.92010498046875}},{"text":"Very common approach: segment on the space character","targetRectangle":{"y":134,"x":85.833274245262146,"width":1253.05,"height":61}},{"text":"Once a tokenization scheme is decided on, we typically construct a lookup table mapping each token (or key) to an index that references the feature representation for that token. Here is an example of the BOW representation of the above text:","targetRectangle":{"y":317,"x":49.833274245262146,"width":1817.1999999999996,"height":183}},{"text":"There are data-driven methods to do this that don’t rely on naively splitting on whitespace, and other feature representations too!","targetRectangle":{"y":866,"x":49.833274245262146,"width":1745,"height":122}},{"text":"As a practitioner, you should never be doing this from scratch. Use existing tools!","targetRectangle":{"y":988,"x":85.833274245262146,"width":1758.5000000000005,"height":61}},{"text":"segmented text:  ","targetRectangle":{"y":255.85834205150604,"x":121.94593654632568,"width":196.29600000000011,"height":30.759999513626099}},{"text":"￼","targetRectangle":{"y":1038.7800302505493,"x":1887.8319827908708,"width":26.400000000000091,"height":26}},{"text":"raw text: ","targetRectangle":{"y":210.8003739118576,"x":206.38485019683839,"width":103.392,"height":30.759999513626099}},{"text":"[“The”, “quick”, “brown”, “fox”, “jumped”, “over”, “the”, “lazy”, “dog”]","targetRectangle":{"y":253.61578434705734,"x":352.873291015625,"width":1027.763671875,"height":35.2451171875}},{"text":"Tokenization","targetRectangle":{"y":4,"x":40,"width":400.61000000000001,"height":84}}],"baseLayer":{"animations":[],"initialState":{"affineTransform":[1,0,0,1,0,0],"masksToBounds":false,"rotation":0,"scale":1,"position":{"pointX":960,"pointY":540},"width":1920,"sublayerTransform":[1,0,0,0,0,1,0,0,0,0,1,0,0,0,0,1],"contentsRect":{"y":0,"x":0,"width":1,"height":1},"opacity":1,"edgeAntialiasingMask":251658240,"height":1080,"hidden":false,"anchorPoint":{"pointX":0.5,"pointY":0.5}},"objectID":"0","layers":[{"animations":[],"initialState":{"affineTransform":[1,0,0,1,0,0],"masksToBounds":false,"rotation":0,"scale":1,"position":{"pointX":960,"pointY":540},"width":1920,"sublayerTransform":[1,0,0,0,0,1,0,0,0,0,1,-0.00035007912466775983,0,0,0,1],"contentsRect":{"y":0,"x":0,"width":1,"height":1},"opacity":1,"edgeAntialiasingMask":251658240,"height":1080,"hidden":false,"anchorPoint":{"pointX":0.5,"pointY":0.5}},"layers":[{"animations":[],"layers":[],"texturedRectangle":{"isBackgroundTexture":false,"singleTextureOpacity":1,"textureType":0,"textBaseline":0,"textXHeight":0,"isVerticalText":false},"initialState":{"affineTransform":[1,0,0,1,0,0],"masksToBounds":false,"rotation":0,"scale":1,"position":{"pointX":960,"pointY":540},"width":1920,"sublayerTransform":[1,0,0,0,0,1,0,0,0,0,1,0,0,0,0,1],"contentsRect":{"y":0,"x":0,"width":1,"height":1},"opacity":1,"edgeAntialiasingMask":0,"height":1080,"hidden":false,"anchorPoint":{"pointX":0.5,"pointY":0.5}},"texture":"CC7872EF084B9DF3D6AE814D2C22E570"}]}]}}]}