{"assets":{"286AAD78695274F03F24D4F078F4A2D3":{"type":"texture","index":1,"assetRequest":{"type":"slide","state":"contents","slide":"none"},"url":{"native":"assets\/655B2955-7237-4F1A-B622-C153C50027E3.pdf"},"width":1920,"height":1080},"168164F8A3CCC2022C2C07D6E5194C18":{"type":"texture","index":0,"assetRequest":{"type":"slide","state":"contents","slide":"none"},"url":{"native":"assets\/655B2955-7237-4F1A-B622-C153C50027E3.pdf"},"width":1920,"height":1080}},"events":[{"effects":[{"beginTime":0,"baseLayer":{"animations":[],"initialState":{"affineTransform":[1,0,0,1,0,0],"masksToBounds":false,"rotation":0,"scale":1,"position":{"pointX":960,"pointY":540},"width":1920,"sublayerTransform":[1,0,0,0,0,1,0,0,0,0,1,0,0,0,0,1],"contentsRect":{"y":0,"x":0,"width":1,"height":1},"opacity":1,"edgeAntialiasingMask":251658240,"height":1080,"hidden":false,"anchorPoint":{"pointX":0.5,"pointY":0.5}},"objectID":"0","layers":[{"animations":[],"initialState":{"affineTransform":[1,0,0,1,0,0],"masksToBounds":false,"rotation":0,"scale":1,"position":{"pointX":960,"pointY":540},"width":1920,"sublayerTransform":[1,0,0,0,0,1,0,0,0,0,1,-0.00035007912466775983,0,0,0,1],"contentsRect":{"y":0,"x":0,"width":1,"height":1},"opacity":1,"edgeAntialiasingMask":251658240,"height":1080,"hidden":false,"anchorPoint":{"pointX":0.5,"pointY":0.5}},"layers":[{"animations":[],"layers":[],"texturedRectangle":{"isBackgroundTexture":false,"singleTextureOpacity":1,"textureType":0,"textBaseline":0,"textXHeight":0,"isVerticalText":false},"initialState":{"affineTransform":[1,0,0,1,0,0],"masksToBounds":false,"rotation":0,"scale":1,"position":{"pointX":960,"pointY":540},"width":1920,"sublayerTransform":[1,0,0,0,0,1,0,0,0,0,1,0,0,0,0,1],"contentsRect":{"y":0,"x":0,"width":1,"height":1},"opacity":1,"edgeAntialiasingMask":0,"height":1080,"hidden":false,"anchorPoint":{"pointX":0.5,"pointY":0.5}},"texture":"286AAD78695274F03F24D4F078F4A2D3"},{"animations":[{"additive":false,"timeOffset":0,"beginTime":0,"from":{"scalar":false},"repeatCount":0,"fillMode":"both","duration":0.01,"autoreverses":false,"property":"hidden","to":{"scalar":true},"removedOnCompletion":false}],"layers":[],"texturedRectangle":{"isBackgroundTexture":false,"singleTextureOpacity":1,"textureType":0,"textBaseline":0,"textXHeight":0,"isVerticalText":false},"initialState":{"affineTransform":[1,0,0,1,0,0],"masksToBounds":false,"rotation":0,"scale":1,"position":{"pointX":960,"pointY":540},"width":1920,"sublayerTransform":[1,0,0,0,0,1,0,0,0,0,1,0,0,0,0,1],"contentsRect":{"y":0,"x":0,"width":1,"height":1},"opacity":1,"edgeAntialiasingMask":0,"height":1080,"hidden":false,"anchorPoint":{"pointX":0.5,"pointY":0.5}},"texture":"168164F8A3CCC2022C2C07D6E5194C18"}]}]},"effects":[],"duration":0.01,"type":"transition","attributes":{"direction":0},"name":"none","objectID":"0"}],"automaticPlay":false,"hyperlinks":[],"accessibility":[{"text":"￼","targetRectangle":{"y":1038.7800302505493,"x":1893.5739821628085,"width":14.91599999999994,"height":26}},{"text":"BERT","targetRectangle":{"y":240.15354812145233,"x":71.907737731933594,"width":41.408000000000001,"height":21.839999675750732}},{"text":"equation.pdf","targetRectangle":{"y":373.00741577148438,"x":750.93865966796875,"width":87.218222222222266,"height":15.180000000000007}},{"text":"equation.pdf","targetRectangle":{"y":473.626220703125,"x":742.7562255859375,"width":72.583067631359086,"height":20.372000000000014}},{"text":"[1] Devlin et al., BERT: Pre-training of Deep Bidirectional Transformers for Language Understanding (2018),  [2] Wu et al., Google’s Neural Machine Translation System: Bridging the Gap between Human and Machine Translation (2016)","targetRectangle":{"y":1053.0695027112961,"x":4.4276669323444366,"width":1713.9999999999995,"height":21.839999675750732}},{"text":"Ablation Study [1]","targetRectangle":{"y":1003.9927815198898,"x":1358.586185974121,"width":132.51200000000017,"height":21.839999675750732}},{"text":"equation.pdf","targetRectangle":{"y":420.80880737304688,"x":742.23126220703125,"width":74.885023167863551,"height":20.547998775243741}},{"text":"pasted-image.pdf","targetRectangle":{"y":22.158803939819336,"x":1258.0458984375,"width":319.42965698242188,"height":670.7967529296875}},{"text":"BERT (2018)","targetRectangle":{"y":4,"x":40,"width":388.36000000000007,"height":84}},{"text":"pasted-image.pdf","targetRectangle":{"y":777.47369384765625,"x":135.75723266601562,"width":687.1431884765625,"height":218.56681823730469}},{"text":"Figure taken from Bloem, 2020","targetRectangle":{"y":698.17398536205292,"x":1316.035568725586,"width":231.77599999999984,"height":21.839999675750732}},{"text":"BERT Input Features [1]","targetRectangle":{"y":1003.9927815198898,"x":393.64081927490236,"width":171.37599999999998,"height":21.839999675750732}},{"text":"pasted-image.pdf","targetRectangle":{"y":760.99725341796875,"x":1192.668212890625,"width":464.347900390625,"height":251.51963806152344}},{"text":"The most popular\/used\/studied Transformer model to date","targetRectangle":{"y":295.07743215560913,"x":139.33876037597656,"width":438.24000000000012,"height":21.839999675750732}},{"text":"30K citations [1]","targetRectangle":{"y":339.07743215560913,"x":139.33876037597656,"width":120.94399999999996,"height":21.839999675750732}},{"text":"Trained on Wikipedia and Book Corpus (~10K books)","targetRectangle":{"y":383.07743215560913,"x":139.33876037597656,"width":387.61599999999999,"height":21.839999675750732}},{"text":"Wordpiece embedding [2]","targetRectangle":{"y":427.07743215560913,"x":139.33876037597656,"width":196.33600000000007,"height":21.839999675750732}},{"text":"Non-causal, uses masked LM procedure for pretraining","targetRectangle":{"y":471.07743215560913,"x":139.33876037597656,"width":409.39200000000005,"height":21.839999675750732}},{"text":"340 M parameters in total","targetRectangle":{"y":515.07743215560913,"x":139.33876037597656,"width":193.61600000000004,"height":21.839999675750732}},{"text":"LM prediction head: 4 ReLU (D=4096)","targetRectangle":{"y":559.07743215560913,"x":139.33876037597656,"width":280.416,"height":21.839999675750732}},{"text":"LM training took 4 days on 64 TPU cores ","targetRectangle":{"y":603.07743215560913,"x":139.33876037597656,"width":305.37599999999998,"height":21.839999675750732}},{"text":"equation.pdf","targetRectangle":{"y":526.443603515625,"x":730.91485595703125,"width":108.26582026768119,"height":20.543818775492923}}],"baseLayer":{"animations":[],"initialState":{"affineTransform":[1,0,0,1,0,0],"masksToBounds":false,"rotation":0,"scale":1,"position":{"pointX":960,"pointY":540},"width":1920,"sublayerTransform":[1,0,0,0,0,1,0,0,0,0,1,0,0,0,0,1],"contentsRect":{"y":0,"x":0,"width":1,"height":1},"opacity":1,"edgeAntialiasingMask":251658240,"height":1080,"hidden":false,"anchorPoint":{"pointX":0.5,"pointY":0.5}},"objectID":"0","layers":[{"animations":[],"initialState":{"affineTransform":[1,0,0,1,0,0],"masksToBounds":false,"rotation":0,"scale":1,"position":{"pointX":960,"pointY":540},"width":1920,"sublayerTransform":[1,0,0,0,0,1,0,0,0,0,1,-0.00035007912466775983,0,0,0,1],"contentsRect":{"y":0,"x":0,"width":1,"height":1},"opacity":1,"edgeAntialiasingMask":251658240,"height":1080,"hidden":false,"anchorPoint":{"pointX":0.5,"pointY":0.5}},"layers":[{"animations":[],"layers":[],"texturedRectangle":{"isBackgroundTexture":false,"singleTextureOpacity":1,"textureType":0,"textBaseline":0,"textXHeight":0,"isVerticalText":false},"initialState":{"affineTransform":[1,0,0,1,0,0],"masksToBounds":false,"rotation":0,"scale":1,"position":{"pointX":960,"pointY":540},"width":1920,"sublayerTransform":[1,0,0,0,0,1,0,0,0,0,1,0,0,0,0,1],"contentsRect":{"y":0,"x":0,"width":1,"height":1},"opacity":1,"edgeAntialiasingMask":0,"height":1080,"hidden":false,"anchorPoint":{"pointX":0.5,"pointY":0.5}},"texture":"168164F8A3CCC2022C2C07D6E5194C18"}]}]}}]}