{"assets":{"0172D0A41B36C57D80459DE501DDE8D6":{"type":"texture","index":1,"assetRequest":{"type":"slide","state":"contents","slide":"none"},"url":{"native":"assets\/655B2955-7237-4F1A-B622-C153C50027E3.pdf"},"width":1920,"height":1080},"520B1A6AF245E0790749D17127C0EC6F":{"type":"texture","index":0,"assetRequest":{"type":"slide","state":"contents","slide":"none"},"url":{"native":"assets\/655B2955-7237-4F1A-B622-C153C50027E3.pdf"},"width":1920,"height":1080}},"events":[{"effects":[{"beginTime":0,"baseLayer":{"animations":[],"initialState":{"affineTransform":[1,0,0,1,0,0],"masksToBounds":false,"rotation":0,"scale":1,"position":{"pointX":960,"pointY":540},"width":1920,"sublayerTransform":[1,0,0,0,0,1,0,0,0,0,1,0,0,0,0,1],"contentsRect":{"y":0,"x":0,"width":1,"height":1},"opacity":1,"edgeAntialiasingMask":251658240,"height":1080,"hidden":false,"anchorPoint":{"pointX":0.5,"pointY":0.5}},"objectID":"0","layers":[{"animations":[],"initialState":{"affineTransform":[1,0,0,1,0,0],"masksToBounds":false,"rotation":0,"scale":1,"position":{"pointX":960,"pointY":540},"width":1920,"sublayerTransform":[1,0,0,0,0,1,0,0,0,0,1,-0.00035007912466775983,0,0,0,1],"contentsRect":{"y":0,"x":0,"width":1,"height":1},"opacity":1,"edgeAntialiasingMask":251658240,"height":1080,"hidden":false,"anchorPoint":{"pointX":0.5,"pointY":0.5}},"layers":[{"animations":[],"layers":[],"texturedRectangle":{"isBackgroundTexture":false,"singleTextureOpacity":1,"textureType":0,"textBaseline":0,"textXHeight":0,"isVerticalText":false},"initialState":{"affineTransform":[1,0,0,1,0,0],"masksToBounds":false,"rotation":0,"scale":1,"position":{"pointX":960,"pointY":540},"width":1920,"sublayerTransform":[1,0,0,0,0,1,0,0,0,0,1,0,0,0,0,1],"contentsRect":{"y":0,"x":0,"width":1,"height":1},"opacity":1,"edgeAntialiasingMask":0,"height":1080,"hidden":false,"anchorPoint":{"pointX":0.5,"pointY":0.5}},"texture":"0172D0A41B36C57D80459DE501DDE8D6"},{"animations":[{"additive":false,"timeOffset":0,"beginTime":0,"from":{"scalar":false},"repeatCount":0,"fillMode":"both","duration":0.01,"autoreverses":false,"property":"hidden","to":{"scalar":true},"removedOnCompletion":false}],"layers":[],"texturedRectangle":{"isBackgroundTexture":false,"singleTextureOpacity":1,"textureType":0,"textBaseline":0,"textXHeight":0,"isVerticalText":false},"initialState":{"affineTransform":[1,0,0,1,0,0],"masksToBounds":false,"rotation":0,"scale":1,"position":{"pointX":960,"pointY":540},"width":1920,"sublayerTransform":[1,0,0,0,0,1,0,0,0,0,1,0,0,0,0,1],"contentsRect":{"y":0,"x":0,"width":1,"height":1},"opacity":1,"edgeAntialiasingMask":0,"height":1080,"hidden":false,"anchorPoint":{"pointX":0.5,"pointY":0.5}},"texture":"520B1A6AF245E0790749D17127C0EC6F"}]}]},"effects":[],"duration":0.01,"type":"transition","attributes":{"direction":0},"name":"none","objectID":"0"}],"automaticPlay":false,"hyperlinks":[],"accessibility":[{"text":"pasted-image.pdf","targetRectangle":{"y":777.47366642951943,"x":135.75723139444958,"width":687.1431884765625,"height":218.56681823730469}},{"text":"Figure taken from Bloem, 2020","targetRectangle":{"y":698.1739775737127,"x":1316.0356018657683,"width":231.77599999999984,"height":21.839999675750732}},{"text":"equation.pdf","targetRectangle":{"y":420.80879433949696,"x":742.23126220703068,"width":74.885027631359094,"height":20.548000000000002}},{"text":"Ablation Study [1]","targetRectangle":{"y":1003.9927611748384,"x":1358.5861861330684,"width":132.51200000000017,"height":21.839999675750846}},{"text":"￼","targetRectangle":{"y":1038.7800302505493,"x":1893.5739821628085,"width":14.91599999999994,"height":26}},{"text":"The most popular\/used\/studied Transformer model to date","targetRectangle":{"y":295.07741751273488,"x":139.33875397841129,"width":438.24000000000012,"height":21.839999675750732}},{"text":"30K citations [1]","targetRectangle":{"y":339.07741751273488,"x":139.33875397841129,"width":120.94399999999999,"height":21.839999675750732}},{"text":"Trained on Wikipedia and Book Corpus (~10K books)","targetRectangle":{"y":383.07741751273488,"x":139.33875397841129,"width":387.61599999999999,"height":21.839999675750732}},{"text":"Wordpiece embedding [2]","targetRectangle":{"y":427.07741751273488,"x":139.33875397841129,"width":196.33600000000004,"height":21.839999675750732}},{"text":"Non-causal, uses masked LM procedure for pretraining","targetRectangle":{"y":471.07741751273488,"x":139.33875397841129,"width":409.39200000000005,"height":21.839999675750732}},{"text":"340 M parameters in total","targetRectangle":{"y":515.07741751273488,"x":139.33875397841129,"width":193.61600000000001,"height":21.839999675750732}},{"text":"LM prediction head: 4 ReLU (D=4096)","targetRectangle":{"y":559.07741751273488,"x":139.33875397841129,"width":280.41599999999994,"height":21.839999675750732}},{"text":"LM training took 4 days on 64 TPU cores ","targetRectangle":{"y":603.07741751273488,"x":139.33875397841129,"width":305.37599999999998,"height":21.839999675750732}},{"text":"equation.pdf","targetRectangle":{"y":526.44362099965383,"x":730.91485595703068,"width":108.26582672082725,"height":20.543819999999982}},{"text":"BERT Input Features [1]","targetRectangle":{"y":1003.9927613337844,"x":393.64083087793983,"width":171.37600000000009,"height":21.839999675750846}},{"text":"pasted-image.pdf","targetRectangle":{"y":760.99725651740869,"x":1192.6682306925441,"width":464.347900390625,"height":251.51963806152344}},{"text":"[1] Devlin et al., BERT: Pre-training of Deep Bidirectional Transformers for Language Understanding (2018),  [2] Wu et al., Google’s Neural Machine Translation System: Bridging the Gap between Human and Machine Translation (2016)","targetRectangle":{"y":1053.069503068924,"x":4.4276669323444366,"width":1713.9999999999995,"height":21.839999675750732}},{"text":"BERT","targetRectangle":{"y":240.15354875723543,"x":71.907740275065123,"width":41.408000000000001,"height":21.839999675750704}},{"text":"equation.pdf","targetRectangle":{"y":373.00740273793446,"x":750.93865966796818,"width":87.218222222222266,"height":15.180000000000007}},{"text":"equation.pdf","targetRectangle":{"y":473.62620766957508,"x":742.75622558593693,"width":72.583067631359086,"height":20.372000000000014}},{"text":"pasted-image.pdf","targetRectangle":{"y":22.158803780873622,"x":1258.0459315776823,"width":319.42965698242188,"height":670.7967529296875}},{"text":"BERT (2018)","targetRectangle":{"y":4,"x":40,"width":388.36000000000007,"height":84}}],"baseLayer":{"animations":[],"initialState":{"affineTransform":[1,0,0,1,0,0],"masksToBounds":false,"rotation":0,"scale":1,"position":{"pointX":960,"pointY":540},"width":1920,"sublayerTransform":[1,0,0,0,0,1,0,0,0,0,1,0,0,0,0,1],"contentsRect":{"y":0,"x":0,"width":1,"height":1},"opacity":1,"edgeAntialiasingMask":251658240,"height":1080,"hidden":false,"anchorPoint":{"pointX":0.5,"pointY":0.5}},"objectID":"0","layers":[{"animations":[],"initialState":{"affineTransform":[1,0,0,1,0,0],"masksToBounds":false,"rotation":0,"scale":1,"position":{"pointX":960,"pointY":540},"width":1920,"sublayerTransform":[1,0,0,0,0,1,0,0,0,0,1,-0.00035007912466775983,0,0,0,1],"contentsRect":{"y":0,"x":0,"width":1,"height":1},"opacity":1,"edgeAntialiasingMask":251658240,"height":1080,"hidden":false,"anchorPoint":{"pointX":0.5,"pointY":0.5}},"layers":[{"animations":[],"layers":[],"texturedRectangle":{"isBackgroundTexture":false,"singleTextureOpacity":1,"textureType":0,"textBaseline":0,"textXHeight":0,"isVerticalText":false},"initialState":{"affineTransform":[1,0,0,1,0,0],"masksToBounds":false,"rotation":0,"scale":1,"position":{"pointX":960,"pointY":540},"width":1920,"sublayerTransform":[1,0,0,0,0,1,0,0,0,0,1,0,0,0,0,1],"contentsRect":{"y":0,"x":0,"width":1,"height":1},"opacity":1,"edgeAntialiasingMask":0,"height":1080,"hidden":false,"anchorPoint":{"pointX":0.5,"pointY":0.5}},"texture":"520B1A6AF245E0790749D17127C0EC6F"}]}]}}]}