{"assets":{"1578D31E53E9F575382C46153BF6410A":{"type":"texture","index":0,"assetRequest":{"type":"slide","state":"contents","slide":"none"},"url":{"native":"assets\/103810FD-F9BE-4485-95EC-9F6801457C78.pdf"},"width":1920,"height":1080},"94E3E2168FC6C3B017B78F00713CE931":{"type":"texture","index":1,"assetRequest":{"type":"slide","state":"contents","slide":"none"},"url":{"native":"assets\/103810FD-F9BE-4485-95EC-9F6801457C78.pdf"},"width":1920,"height":1080}},"events":[{"effects":[{"beginTime":0,"baseLayer":{"animations":[],"initialState":{"affineTransform":[1,0,0,1,0,0],"masksToBounds":false,"rotation":0,"scale":1,"position":{"pointX":960,"pointY":540},"width":1920,"sublayerTransform":[1,0,0,0,0,1,0,0,0,0,1,0,0,0,0,1],"contentsRect":{"y":0,"x":0,"width":1,"height":1},"opacity":1,"edgeAntialiasingMask":251658240,"height":1080,"hidden":false,"anchorPoint":{"pointX":0.5,"pointY":0.5}},"objectID":"0","layers":[{"animations":[],"initialState":{"affineTransform":[1,0,0,1,0,0],"masksToBounds":false,"rotation":0,"scale":1,"position":{"pointX":960,"pointY":540},"width":1920,"sublayerTransform":[1,0,0,0,0,1,0,0,0,0,1,-0.00035007912466775983,0,0,0,1],"contentsRect":{"y":0,"x":0,"width":1,"height":1},"opacity":1,"edgeAntialiasingMask":251658240,"height":1080,"hidden":false,"anchorPoint":{"pointX":0.5,"pointY":0.5}},"layers":[{"animations":[],"layers":[],"texturedRectangle":{"isBackgroundTexture":false,"singleTextureOpacity":1,"textureType":0,"textBaseline":0,"textXHeight":0,"isVerticalText":false},"initialState":{"affineTransform":[1,0,0,1,0,0],"masksToBounds":false,"rotation":0,"scale":1,"position":{"pointX":960,"pointY":540},"width":1920,"sublayerTransform":[1,0,0,0,0,1,0,0,0,0,1,0,0,0,0,1],"contentsRect":{"y":0,"x":0,"width":1,"height":1},"opacity":1,"edgeAntialiasingMask":0,"height":1080,"hidden":false,"anchorPoint":{"pointX":0.5,"pointY":0.5}},"texture":"94E3E2168FC6C3B017B78F00713CE931"},{"animations":[{"additive":false,"timeOffset":0,"beginTime":0,"from":{"scalar":false},"repeatCount":0,"fillMode":"both","duration":0.01,"autoreverses":false,"property":"hidden","to":{"scalar":true},"removedOnCompletion":false}],"layers":[],"texturedRectangle":{"isBackgroundTexture":false,"singleTextureOpacity":1,"textureType":0,"textBaseline":0,"textXHeight":0,"isVerticalText":false},"initialState":{"affineTransform":[1,0,0,1,0,0],"masksToBounds":false,"rotation":0,"scale":1,"position":{"pointX":960,"pointY":540},"width":1920,"sublayerTransform":[1,0,0,0,0,1,0,0,0,0,1,0,0,0,0,1],"contentsRect":{"y":0,"x":0,"width":1,"height":1},"opacity":1,"edgeAntialiasingMask":0,"height":1080,"hidden":false,"anchorPoint":{"pointX":0.5,"pointY":0.5}},"texture":"1578D31E53E9F575382C46153BF6410A"}]}]},"effects":[],"duration":0.01,"type":"transition","attributes":{"direction":0},"name":"none","objectID":"0"}],"automaticPlay":false,"hyperlinks":[],"accessibility":[{"text":"Amazing","targetRectangle":{"y":637.17399340820316,"x":768.62007582187653,"width":30.759999513626099,"height":98.087999999999965}},{"text":"Bad","targetRectangle":{"y":692.32601009750363,"x":251.62000095844269,"width":30.759999513626099,"height":42.936000000000035}},{"text":"-","targetRectangle":{"y":812.74678528308868,"x":193.86477661132812,"width":9.1680000000000348,"height":30.759999513626099}},{"text":"Lacked","targetRectangle":{"y":655.19799340820316,"x":381.62001478672028,"width":30.759999513626099,"height":80.063999999999965}},{"text":"- Taken from Jurafsky & Martin, Chp 4","targetRectangle":{"y":910.76440894603729,"x":993.58650302886963,"width":437.08799999999997,"height":30.759999513626099}},{"text":"-","targetRectangle":{"y":524.00442969799042,"x":194.86477661132812,"width":9.1680000000000348,"height":30.759999513626099}},{"text":"Food","targetRectangle":{"y":678.83799340820315,"x":511.62001478672028,"width":30.759999513626099,"height":56.423999999999978}},{"text":"equation.pdf","targetRectangle":{"y":962.51080322265625,"x":94.30877685546875,"width":71.523999794006329,"height":32.21136007690427}},{"text":"Not","targetRectangle":{"y":694.86999340820307,"x":638.62001478672028,"width":30.759999513626099,"height":40.392000000000053}},{"text":"Great","targetRectangle":{"y":672.95799340820315,"x":703.6200453042984,"width":30.759999513626099,"height":62.303999999999974}},{"text":"￼","targetRectangle":{"y":1038.7800302505493,"x":1894.5309820581315,"width":13.001999999999953,"height":26}},{"text":"equation.pdf","targetRectangle":{"y":497.15274047851562,"x":94.30877685546875,"width":76.455999794006345,"height":32.463360076904337}},{"text":"Naive Bayes’ classifier example w\/add-one smoothing","targetRectangle":{"y":4,"x":40,"width":1700.7200000000005,"height":84}},{"text":"Delicious","targetRectangle":{"y":632.5899934082031,"x":833.62007582187653,"width":30.759999513626099,"height":102.67200000000003}},{"text":"?","targetRectangle":{"y":854.03949439525604,"x":515.32799968123436,"width":13.344000000000051,"height":30.759999513626099}},{"text":"Experience","targetRectangle":{"y":609.76599340820314,"x":323.62000715732574,"width":30.759999513626099,"height":125.49599999999998}},{"text":"+","targetRectangle":{"y":472.00442969799042,"x":194.86477661132812,"width":12.456000000000046,"height":30.759999513626099}},{"text":"Ambiance","targetRectangle":{"y":621.45399340820313,"x":444.62001478672028,"width":30.759999513626099,"height":113.80799999999999}},{"text":"Was","targetRectangle":{"y":689.22999340820309,"x":578.62001478672028,"width":30.759999513626099,"height":46.032000000000039}},{"text":"pasted-image.png","targetRectangle":{"y":175.46875,"x":986.35003662109375,"width":873.84375,"height":729.0625}},{"text":"+","targetRectangle":{"y":760.74678528308868,"x":193.86477661132812,"width":12.456000000000046,"height":30.759999513626099}},{"text":"?","targetRectangle":{"y":961.76440894603729,"x":187.02055034041405,"width":13.343999999999994,"height":30.759999513626099}},{"text":"equation.pdf","targetRectangle":{"y":774.51007080078125,"x":91.30877685546875,"width":79.191999794006335,"height":41.463360076904337}}],"baseLayer":{"animations":[],"initialState":{"affineTransform":[1,0,0,1,0,0],"masksToBounds":false,"rotation":0,"scale":1,"position":{"pointX":960,"pointY":540},"width":1920,"sublayerTransform":[1,0,0,0,0,1,0,0,0,0,1,0,0,0,0,1],"contentsRect":{"y":0,"x":0,"width":1,"height":1},"opacity":1,"edgeAntialiasingMask":251658240,"height":1080,"hidden":false,"anchorPoint":{"pointX":0.5,"pointY":0.5}},"objectID":"0","layers":[{"animations":[],"initialState":{"affineTransform":[1,0,0,1,0,0],"masksToBounds":false,"rotation":0,"scale":1,"position":{"pointX":960,"pointY":540},"width":1920,"sublayerTransform":[1,0,0,0,0,1,0,0,0,0,1,-0.00035007912466775983,0,0,0,1],"contentsRect":{"y":0,"x":0,"width":1,"height":1},"opacity":1,"edgeAntialiasingMask":251658240,"height":1080,"hidden":false,"anchorPoint":{"pointX":0.5,"pointY":0.5}},"layers":[{"animations":[],"layers":[],"texturedRectangle":{"isBackgroundTexture":false,"singleTextureOpacity":1,"textureType":0,"textBaseline":0,"textXHeight":0,"isVerticalText":false},"initialState":{"affineTransform":[1,0,0,1,0,0],"masksToBounds":false,"rotation":0,"scale":1,"position":{"pointX":960,"pointY":540},"width":1920,"sublayerTransform":[1,0,0,0,0,1,0,0,0,0,1,0,0,0,0,1],"contentsRect":{"y":0,"x":0,"width":1,"height":1},"opacity":1,"edgeAntialiasingMask":0,"height":1080,"hidden":false,"anchorPoint":{"pointX":0.5,"pointY":0.5}},"texture":"1578D31E53E9F575382C46153BF6410A"}]}]}}]}