{"assets":{"369A29708735355CF89E6D0A684E63F5":{"type":"texture","index":0,"assetRequest":{"type":"slide","state":"contents","slide":"none"},"url":{"native":"assets\/103810FD-F9BE-4485-95EC-9F6801457C78.pdf"},"width":1920,"height":1080},"278801A9B35364EF6B53C4548C5A0F91":{"type":"texture","index":1,"assetRequest":{"type":"slide","state":"contents","slide":"none"},"url":{"native":"assets\/103810FD-F9BE-4485-95EC-9F6801457C78.pdf"},"width":1920,"height":1080}},"events":[{"effects":[{"beginTime":0,"baseLayer":{"animations":[],"initialState":{"affineTransform":[1,0,0,1,0,0],"masksToBounds":false,"rotation":0,"scale":1,"position":{"pointX":960,"pointY":540},"width":1920,"sublayerTransform":[1,0,0,0,0,1,0,0,0,0,1,0,0,0,0,1],"contentsRect":{"y":0,"x":0,"width":1,"height":1},"opacity":1,"edgeAntialiasingMask":251658240,"height":1080,"hidden":false,"anchorPoint":{"pointX":0.5,"pointY":0.5}},"objectID":"0","layers":[{"animations":[],"initialState":{"affineTransform":[1,0,0,1,0,0],"masksToBounds":false,"rotation":0,"scale":1,"position":{"pointX":960,"pointY":540},"width":1920,"sublayerTransform":[1,0,0,0,0,1,0,0,0,0,1,-0.00035007912466775983,0,0,0,1],"contentsRect":{"y":0,"x":0,"width":1,"height":1},"opacity":1,"edgeAntialiasingMask":251658240,"height":1080,"hidden":false,"anchorPoint":{"pointX":0.5,"pointY":0.5}},"layers":[{"animations":[],"layers":[],"texturedRectangle":{"isBackgroundTexture":false,"singleTextureOpacity":1,"textureType":0,"textBaseline":0,"textXHeight":0,"isVerticalText":false},"initialState":{"affineTransform":[1,0,0,1,0,0],"masksToBounds":false,"rotation":0,"scale":1,"position":{"pointX":960,"pointY":540},"width":1920,"sublayerTransform":[1,0,0,0,0,1,0,0,0,0,1,0,0,0,0,1],"contentsRect":{"y":0,"x":0,"width":1,"height":1},"opacity":1,"edgeAntialiasingMask":0,"height":1080,"hidden":false,"anchorPoint":{"pointX":0.5,"pointY":0.5}},"texture":"278801A9B35364EF6B53C4548C5A0F91"},{"animations":[{"additive":false,"timeOffset":0,"beginTime":0,"from":{"scalar":false},"repeatCount":0,"fillMode":"both","duration":0.01,"autoreverses":false,"property":"hidden","to":{"scalar":true},"removedOnCompletion":false}],"layers":[],"texturedRectangle":{"isBackgroundTexture":false,"singleTextureOpacity":1,"textureType":0,"textBaseline":0,"textXHeight":0,"isVerticalText":false},"initialState":{"affineTransform":[1,0,0,1,0,0],"masksToBounds":false,"rotation":0,"scale":1,"position":{"pointX":960,"pointY":540},"width":1920,"sublayerTransform":[1,0,0,0,0,1,0,0,0,0,1,0,0,0,0,1],"contentsRect":{"y":0,"x":0,"width":1,"height":1},"opacity":1,"edgeAntialiasingMask":0,"height":1080,"hidden":false,"anchorPoint":{"pointX":0.5,"pointY":0.5}},"texture":"369A29708735355CF89E6D0A684E63F5"}]}]},"effects":[],"duration":0.01,"type":"transition","attributes":{"direction":0},"name":"none","objectID":"0"}],"automaticPlay":false,"hyperlinks":[],"accessibility":[{"text":"pasted-image.png","targetRectangle":{"y":175.46875,"x":986.35003662109375,"width":873.84375,"height":729.0625}},{"text":"+","targetRectangle":{"y":827.10487854480743,"x":182.86477661132812,"width":12.456000000000046,"height":30.759999513626099}},{"text":"?","targetRectangle":{"y":950.03949439525604,"x":513.32799968123436,"width":13.344000000000051,"height":30.759999513626099}},{"text":"Was","targetRectangle":{"y":755.58808666992184,"x":567.62001478672028,"width":30.759999513626099,"height":46.032000000000039}},{"text":"Not","targetRectangle":{"y":761.22808666992182,"x":627.62001478672028,"width":30.759999513626099,"height":40.392000000000053}},{"text":"Bad","targetRectangle":{"y":758.68410335922238,"x":240.62000095844269,"width":30.759999513626099,"height":42.936000000000035}},{"text":"Amazing","targetRectangle":{"y":703.53208666992191,"x":757.62007582187653,"width":30.759999513626099,"height":98.087999999999965}},{"text":"equation.pdf","targetRectangle":{"y":561.51080322265625,"x":84.30877685546875,"width":76.455999794006345,"height":32.463360076904337}},{"text":"-","targetRectangle":{"y":588.36249244213104,"x":184.86477661132812,"width":9.1680000000000348,"height":30.759999513626099}},{"text":"-","targetRectangle":{"y":879.10487854480743,"x":182.86477661132812,"width":9.1680000000000348,"height":30.759999513626099}},{"text":"Food","targetRectangle":{"y":745.1960866699219,"x":500.62001478672028,"width":30.759999513626099,"height":56.423999999999978}},{"text":"Naive Bayes’ classifier example w\/add-one smoothing","targetRectangle":{"y":4,"x":40,"width":1700.7200000000005,"height":84}},{"text":"￼","targetRectangle":{"y":1038.7800302505493,"x":1894.5309820581315,"width":13.001999999999953,"height":26}},{"text":"equation.pdf","targetRectangle":{"y":840.8681640625,"x":80.30877685546875,"width":79.191999794006335,"height":41.463360076904337}},{"text":"Experience","targetRectangle":{"y":676.12408666992189,"x":312.62000715732574,"width":30.759999513626099,"height":125.49599999999998}},{"text":"Lacked","targetRectangle":{"y":721.55608666992191,"x":370.62001478672028,"width":30.759999513626099,"height":80.063999999999965}},{"text":"Great","targetRectangle":{"y":739.3160866699219,"x":692.6200453042984,"width":30.759999513626099,"height":62.303999999999974}},{"text":"Ambiance","targetRectangle":{"y":687.81208666992188,"x":433.62001478672028,"width":30.759999513626099,"height":113.80799999999999}},{"text":"Delicious","targetRectangle":{"y":698.94808666992185,"x":822.62007582187653,"width":30.759999513626099,"height":102.67200000000003}},{"text":"- Taken from Jurafsky & Martin, Chp 4","targetRectangle":{"y":910.76440894603729,"x":993.58650302886963,"width":437.08799999999997,"height":30.759999513626099}},{"text":"+","targetRectangle":{"y":536.36249244213104,"x":184.86477661132812,"width":12.456000000000046,"height":30.759999513626099}}],"baseLayer":{"animations":[],"initialState":{"affineTransform":[1,0,0,1,0,0],"masksToBounds":false,"rotation":0,"scale":1,"position":{"pointX":960,"pointY":540},"width":1920,"sublayerTransform":[1,0,0,0,0,1,0,0,0,0,1,0,0,0,0,1],"contentsRect":{"y":0,"x":0,"width":1,"height":1},"opacity":1,"edgeAntialiasingMask":251658240,"height":1080,"hidden":false,"anchorPoint":{"pointX":0.5,"pointY":0.5}},"objectID":"0","layers":[{"animations":[],"initialState":{"affineTransform":[1,0,0,1,0,0],"masksToBounds":false,"rotation":0,"scale":1,"position":{"pointX":960,"pointY":540},"width":1920,"sublayerTransform":[1,0,0,0,0,1,0,0,0,0,1,-0.00035007912466775983,0,0,0,1],"contentsRect":{"y":0,"x":0,"width":1,"height":1},"opacity":1,"edgeAntialiasingMask":251658240,"height":1080,"hidden":false,"anchorPoint":{"pointX":0.5,"pointY":0.5}},"layers":[{"animations":[],"layers":[],"texturedRectangle":{"isBackgroundTexture":false,"singleTextureOpacity":1,"textureType":0,"textBaseline":0,"textXHeight":0,"isVerticalText":false},"initialState":{"affineTransform":[1,0,0,1,0,0],"masksToBounds":false,"rotation":0,"scale":1,"position":{"pointX":960,"pointY":540},"width":1920,"sublayerTransform":[1,0,0,0,0,1,0,0,0,0,1,0,0,0,0,1],"contentsRect":{"y":0,"x":0,"width":1,"height":1},"opacity":1,"edgeAntialiasingMask":0,"height":1080,"hidden":false,"anchorPoint":{"pointX":0.5,"pointY":0.5}},"texture":"369A29708735355CF89E6D0A684E63F5"}]}]}}]}