{"assets":{"C25C25FF361FB24FC35F6B120D2F252D":{"type":"texture","index":0,"assetRequest":{"type":"slide","state":"contents","slide":"none"},"url":{"native":"assets\/D51B51DC-A163-466D-A697-AEED3DB77740.pdf"},"width":1920,"height":1080},"42F6A162C8E541D815ADF6C3954FF3A5":{"type":"texture","index":23,"assetRequest":{"type":"slide","state":"contents","slide":"none"},"url":{"native":"assets\/D51B51DC-A163-466D-A697-AEED3DB77740.pdf"},"width":1920,"height":1080},"64736939ECF31AFA29619F1C0F570597":{"type":"texture","index":5,"assetRequest":{"type":"slide","state":"contents","slide":"none"},"url":{"native":"assets\/D51B51DC-A163-466D-A697-AEED3DB77740.pdf"},"width":624,"height":463},"CB34FFB76A66604A091C9F103D1A2967":{"type":"texture","index":12,"assetRequest":{"type":"slide","state":"contents","slide":"none"},"url":{"native":"assets\/D51B51DC-A163-466D-A697-AEED3DB77740.pdf"},"width":1706,"height":156},"CF3B60BAF51A0B613EB32C0DD1FE2785":{"type":"texture","index":13,"assetRequest":{"type":"slide","state":"contents","slide":"none"},"url":{"native":"assets\/D51B51DC-A163-466D-A697-AEED3DB77740.pdf"},"width":503,"height":29},"07E1F861F557B6662B233595C72B2D18":{"type":"texture","index":4,"assetRequest":{"type":"slide","state":"contents","slide":"none"},"url":{"native":"assets\/D51B51DC-A163-466D-A697-AEED3DB77740.pdf"},"width":529,"height":209},"1AA72DA4CF5D6329BEB86DC27C1D7478":{"type":"texture","index":15,"assetRequest":{"type":"slide","state":"contents","slide":"none"},"url":{"native":"assets\/D51B51DC-A163-466D-A697-AEED3DB77740.pdf"},"width":530,"height":320},"0CF9063BADB8F4AE51457BDCE49B8115":{"type":"texture","index":21,"assetRequest":{"type":"slide","state":"contents","slide":"none"},"url":{"native":"assets\/D51B51DC-A163-466D-A697-AEED3DB77740.pdf"},"width":789,"height":20},"75E83715A1C4A51230812878653B31BE":{"type":"texture","index":22,"assetRequest":{"type":"slide","state":"contents","slide":"none"},"url":{"native":"assets\/D51B51DC-A163-466D-A697-AEED3DB77740.pdf"},"width":1920,"height":1080},"0921974E388DF18FD7BB3344B5C22AD5":{"type":"texture","index":17,"assetRequest":{"type":"slide","state":"contents","slide":"none"},"url":{"native":"assets\/D51B51DC-A163-466D-A697-AEED3DB77740.pdf"},"width":178,"height":19},"5FB1FA085CCA982AF1178DD224C14854":{"type":"texture","index":7,"assetRequest":{"type":"slide","state":"contents","slide":"none"},"url":{"native":"assets\/D51B51DC-A163-466D-A697-AEED3DB77740.pdf"},"width":137,"height":16},"C900806558AEF23249BFD91014233CF5":{"type":"texture","index":2,"assetRequest":{"type":"slide","state":"contents","slide":"none"},"url":{"native":"assets\/D51B51DC-A163-466D-A697-AEED3DB77740.pdf"},"width":404,"height":463},"5ACCD35F302E661828308090938C657D":{"type":"texture","index":18,"assetRequest":{"type":"slide","state":"contents","slide":"none"},"url":{"native":"assets\/D51B51DC-A163-466D-A697-AEED3DB77740.pdf"},"width":1706,"height":156},"34EAF03FA494F666B3647B078A234A82":{"type":"texture","index":11,"assetRequest":{"type":"slide","state":"contents","slide":"none"},"url":{"native":"assets\/D51B51DC-A163-466D-A697-AEED3DB77740.pdf"},"width":269,"height":19},"1CA3EB23AF7FE5F54532633AE3CD5A01":{"type":"texture","index":8,"assetRequest":{"type":"slide","state":"contents","slide":"none"},"url":{"native":"assets\/D51B51DC-A163-466D-A697-AEED3DB77740.pdf"},"width":138,"height":16},"C970C757B7EFF609DD5151375DE3E899":{"type":"texture","index":9,"assetRequest":{"type":"slide","state":"contents","slide":"none"},"url":{"native":"assets\/D51B51DC-A163-466D-A697-AEED3DB77740.pdf"},"width":91,"height":31},"3A4564520A48E5EB14B90BF612242FC5":{"type":"texture","index":10,"assetRequest":{"type":"slide","state":"contents","slide":"none"},"url":{"native":"assets\/D51B51DC-A163-466D-A697-AEED3DB77740.pdf"},"width":414,"height":24},"52AC6CAE4BAE951F9886AC4E13F9B803":{"type":"texture","index":19,"assetRequest":{"type":"slide","state":"contents","slide":"none"},"url":{"native":"assets\/D51B51DC-A163-466D-A697-AEED3DB77740.pdf"},"width":66,"height":31},"2EE92B5438FC404611051D6D9F604132":{"type":"texture","index":6,"assetRequest":{"type":"slide","state":"contents","slide":"none"},"url":{"native":"assets\/D51B51DC-A163-466D-A697-AEED3DB77740.pdf"},"width":651,"height":463},"C6F01F9AAD415B3A1322F3194FC7005A":{"type":"texture","index":16,"assetRequest":{"type":"slide","state":"contents","slide":"none"},"url":{"native":"assets\/D51B51DC-A163-466D-A697-AEED3DB77740.pdf"},"width":786,"height":29},"8B0FB55B577D6623D285186C70BF5051":{"type":"texture","index":1,"assetRequest":{"type":"slide","state":"contents","slide":"none"},"url":{"native":"assets\/D51B51DC-A163-466D-A697-AEED3DB77740.pdf"},"width":1033,"height":67},"20604044E341778D65D4A39E2904B863":{"type":"texture","index":3,"assetRequest":{"type":"slide","state":"contents","slide":"none"},"url":{"native":"assets\/D51B51DC-A163-466D-A697-AEED3DB77740.pdf"},"width":218,"height":13},"760C9FEC4E11953CBAEA8592E55BC5F5":{"type":"texture","index":14,"assetRequest":{"type":"slide","state":"contents","slide":"none"},"url":{"native":"assets\/D51B51DC-A163-466D-A697-AEED3DB77740.pdf"},"width":121,"height":12},"E673A9C41D87439AF962E2BCFCC59A26":{"type":"texture","index":20,"assetRequest":{"type":"slide","state":"contents","slide":"none"},"url":{"native":"assets\/D51B51DC-A163-466D-A697-AEED3DB77740.pdf"},"width":61,"height":31}},"events":[{"effects":[{"beginTime":0,"baseLayer":{"animations":[],"initialState":{"affineTransform":[1,0,0,1,0,0],"masksToBounds":false,"rotation":0,"scale":1,"position":{"pointX":1182.5473308563226,"pointY":432.09005588293155},"width":91,"sublayerTransform":[1,0,0,0,0,1,0,0,0,0,1,0,0,0,0,1],"contentsRect":{"y":0,"x":0,"width":1,"height":1},"opacity":0.71312099695205688,"edgeAntialiasingMask":251658240,"height":31,"hidden":false,"anchorPoint":{"pointX":0.5,"pointY":0.5}},"objectID":"C308A0F3-72B2-4F38-BE64-59B5D67897D3","layers":[{"animations":[],"initialState":{"affineTransform":[1,0,0,1,0,0],"masksToBounds":false,"rotation":0,"scale":1,"position":{"pointX":-177.04733085632256,"pointY":123.40994411706845},"width":91,"sublayerTransform":[1,0,0,0,0,1,0,0,0,0,1,-0.00035007912466775983,0,0,0,1],"contentsRect":{"y":0,"x":0,"width":1,"height":1},"opacity":1,"edgeAntialiasingMask":251658240,"height":31,"hidden":false,"anchorPoint":{"pointX":-1.945575064355193,"pointY":3.9809659392602725}},"layers":[{"animations":[{"additive":false,"timeOffset":0,"beginTime":1e-100,"repeatCount":0,"fillMode":"both","duration":0.01,"autoreverses":false,"animations":[{"additive":false,"timeOffset":0,"beginTime":0,"from":{"scalar":true},"repeatCount":0,"fillMode":"both","duration":0.0001,"autoreverses":false,"property":"hidden","to":{"scalar":false},"removedOnCompletion":true},{"additive":false,"timeOffset":0,"beginTime":0.0001,"from":{"scalar":false},"repeatCount":0,"fillMode":"forwards","duration":0.0099000000000000008,"autoreverses":false,"property":"hidden","to":{"scalar":false},"removedOnCompletion":true}],"removedOnCompletion":false}],"layers":[],"texturedRectangle":{"singleTextureOpacity":0.71312099695205688,"textXHeight":0,"shapePath":{"lineWidth":1,"flatness":0.59999999999999998,"lineCapStyle":0,"elements":[{"type":"MoveToPoint","points":[[1.0473308563225601,1.5900558829315514]]},{"type":"AddLine","points":[[89.217328786849293,1.5900558829315514]]},{"type":"AddLine","points":[[89.217328786849293,29.440054953099093]]},{"type":"AddLine","points":[[1.0473308563225601,29.440054953099093]]},{"type":"CloseSubpath"},{"type":"MoveToPoint","points":[[1.0473308563225601,1.5900558829315514]]}],"windingRule":0,"lineJoinStyle":0,"miterLimit":10},"isBackgroundTexture":true,"textBaseline":0,"isVerticalText":false,"textureType":5},"initialState":{"affineTransform":[1,0,0,1,0,0],"masksToBounds":false,"rotation":0,"scale":1,"position":{"pointX":44.45266914367744,"pointY":13.909944117068449},"width":91,"sublayerTransform":[1,0,0,0,0,1,0,0,0,0,1,0,0,0,0,1],"contentsRect":{"y":0,"x":0,"width":1,"height":1},"opacity":1,"edgeAntialiasingMask":0,"height":31,"hidden":true,"anchorPoint":{"pointX":0.5,"pointY":0.5}},"texture":"C970C757B7EFF609DD5151375DE3E899"}]}]},"effects":[],"duration":0.01,"type":"buildIn","attributes":{"direction":0},"name":"apple:bc-appear","objectID":"C308A0F3-72B2-4F38-BE64-59B5D67897D3"}],"automaticPlay":false,"hyperlinks":[],"accessibility":[{"text":"equation.pdf","targetRectangle":{"y":422.78442382812489,"x":1721.2740949392305,"width":30.015098389262675,"height":25.536142799999993}},{"text":"equation.pdf","targetRectangle":{"y":422.81319173177025,"x":618.93405791123746,"width":24.049188382072202,"height":20.241899999999987}},{"text":"equation.pdf","targetRectangle":{"y":545.62123616536405,"x":1043.0523135264718,"width":27.686631549560389,"height":21.274651800000015}},{"text":"equation.pdf","targetRectangle":{"y":410.92882341638881,"x":418.44912803989882,"width":21.266351508860055,"height":15.623989601485391}},{"text":"equation.pdf","targetRectangle":{"y":422.81319173177025,"x":688.63584013779996,"width":24.049188382072202,"height":20.241899999999987}},{"text":"equation.pdf","targetRectangle":{"y":545.59246826171864,"x":1369.7896589040743,"width":23.231338684184038,"height":22.733998644947974}},{"text":"equation.pdf","targetRectangle":{"y":422.81319173177025,"x":759.32761259873746,"width":24.049188382072202,"height":20.241899999999987}},{"text":"equation.pdf","targetRectangle":{"y":413.07672842015972,"x":304.42200858038075,"width":10.695382596015918,"height":10.695382596015918}},{"text":"equation.pdf","targetRectangle":{"y":545.59246826171864,"x":1440.481492400168,"width":23.231338684184038,"height":22.733998644947974}},{"text":"equation.pdf","targetRectangle":{"y":415.57070540117746,"x":365.97603268405237,"width":9.1674707965850644,"height":7.9851580946445324}},{"text":"equation.pdf","targetRectangle":{"y":422.81319173177025,"x":829.98419829209683,"width":24.049188382072202,"height":20.241899999999987}},{"text":"equation.pdf","targetRectangle":{"y":313.55538940429676,"x":1369.2443708181368,"width":23.648041971180646,"height":19.007280085830701}},{"text":"equation.pdf","targetRectangle":{"y":471.90712528848462,"x":185.37731329780073,"width":19.394380925550422,"height":16.541282277195478}},{"text":"equation.pdf","targetRectangle":{"y":545.59246826171864,"x":1509.9364484548555,"width":23.231338684184038,"height":22.733998644947974}},{"text":"equation.pdf","targetRectangle":{"y":422.81319173177025,"x":1040.9301211436593,"width":29.146352815210548,"height":21.274651800000015}},{"text":"equation.pdf","targetRectangle":{"y":342.89678408730634,"x":362.48549745476402,"width":18.722827310848174,"height":19.085437317509673}},{"text":"J'aime le café le matin","targetRectangle":{"y":723.19230218728353,"x":647.11182844638768,"width":414.06738281250011,"height":35}},{"text":"I love coffee in the morning when I wake up.","targetRectangle":{"y":900.95258716742205,"x":746.14718627929688,"width":792.12890625,"height":35}},{"text":"output","targetRectangle":{"y":935.92337900400162,"x":1377.9556160370512,"width":49.019999999999982,"height":19.849999696016312}},{"text":"equation.pdf","targetRectangle":{"y":528.32266578075303,"x":363.51767931837702,"width":18.128760651688538,"height":17.471125743706239}},{"text":"Decoder network","targetRectangle":{"y":186.47676654656749,"x":1430.9723751611705,"width":135.53600000000006,"height":21.839999675750732}},{"text":"equation.pdf","targetRectangle":{"y":545.59246826171864,"x":1299.097947478293,"width":23.231338684184038,"height":22.733998644947974}},{"text":"equation.pdf","targetRectangle":{"y":545.62123616536405,"x":689.44577666123746,"width":22.589467116422156,"height":20.241899999999987}},{"text":"equation.pdf","targetRectangle":{"y":545.62123616536405,"x":760.13754912217496,"width":22.589467116422156,"height":20.241899999999987}},{"text":"equation.pdf","targetRectangle":{"y":545.62123616536405,"x":829.59247465928433,"width":22.589467116422156,"height":20.241899999999987}},{"text":"Traditional RNN cell (single)","targetRectangle":{"y":190.15188685054216,"x":96.685796313576603,"width":176.68299999999999,"height":16.86999973654747}},{"text":"More common variants: LSTM, GRU","targetRectangle":{"y":207.15188685054216,"x":96.685796313576603,"width":147.48500000000001,"height":33.86999973654747}},{"text":"equation.pdf","targetRectangle":{"y":413.83085878661547,"x":190.16604599916872,"width":10.076942105770115,"height":10.076942105770115}},{"text":"equation.pdf","targetRectangle":{"y":346.32930181706115,"x":424.59394661722655,"width":10.076942105770115,"height":10.076942105770115}},{"text":"equation.pdf","targetRectangle":{"y":413.07672842015972,"x":236.60609838027443,"width":10.695382596015918,"height":10.695382596015918}},{"text":"equation.pdf","targetRectangle":{"y":591.16843335086196,"x":297.40544355978136,"width":27.262921044898633,"height":23.518928175988663}},{"text":"equation.pdf","targetRectangle":{"y":545.62123616536405,"x":618.75400420029996,"width":22.589467116422156,"height":20.241899999999987}},{"text":"equation.pdf","targetRectangle":{"y":295.62025428816497,"x":423.97956801640146,"width":10.695382596015918,"height":10.695382596015918}},{"text":"equation.pdf","targetRectangle":{"y":315.31137084960926,"x":1439.9362043142305,"width":23.648041971180646,"height":19.007280085830701}},{"text":"equation.pdf","targetRectangle":{"y":552.60292561848905,"x":938.17548247178433,"width":15.619999068975403,"height":2.7939998334645679}},{"text":"equation.pdf","targetRectangle":{"y":428.93880208333275,"x":937.22833891709683,"width":15.619999068975403,"height":2.7939998334646248}},{"text":"equation.pdf","targetRectangle":{"y":552.57415771484364,"x":1618.5194562673555,"width":15.619999068975403,"height":2.7939998334645679}},{"text":"equation.pdf","targetRectangle":{"y":428.91003417968739,"x":1617.572312712668,"width":15.619999068975403,"height":2.7939998334646248}},{"text":"equation.pdf","targetRectangle":{"y":323.21456909179676,"x":1617.572312712668,"width":15.619999068975403,"height":2.7939998334646248}},{"text":"seq2seq was introduced by Sutsqever et al., Sequence to Sequence Learning with Neural Networks (2014)","targetRectangle":{"y":1053.0695471664276,"x":4.4276669422788473,"width":786.38400000000013,"height":21.839999675750732}},{"text":"Neural Machine Translation (NMT)","targetRectangle":{"y":729.2723022500669,"x":175.73218587589227,"width":266.97599999999989,"height":21.839999675750732}},{"text":"Sequence to sequence modeling","targetRectangle":{"y":4.0000000000000071,"x":40,"width":1035.5800000000002,"height":84}},{"text":"Neural text generation","targetRectangle":{"y":907.03258661429095,"x":221.25218432617197,"width":175.93599999999998,"height":21.839999675750732}},{"text":"I love coffee in the morning","targetRectangle":{"y":723.19230218728353,"x":1247.8511167764661,"width":504.08203125,"height":35}},{"text":"prompt","targetRectangle":{"y":935.92337896426511,"x":1006.5589900414161,"width":54.480000000000018,"height":19.849999696016312}},{"text":"equation.pdf","targetRectangle":{"y":255.63966392840803,"x":418.75522023566708,"width":22.152447668415448,"height":12.500319356224509}},{"text":"equation.pdf","targetRectangle":{"y":314.55538940429676,"x":1299.5427106618868,"width":23.648041971180646,"height":19.007280085830701}},{"text":"equation.pdf","targetRectangle":{"y":410.93824560914925,"x":113.98309949685957,"width":36.570025228516542,"height":15.623989601485391}},{"text":"equation.pdf","targetRectangle":{"y":472.83282345941802,"x":235.42922777474433,"width":14.210394463195769,"height":17.08696506270644}},{"text":"equation.pdf","targetRectangle":{"y":422.78442382812489,"x":1299.2780011892305,"width":24.859810586309095,"height":22.733998644948031}},{"text":"Encoder network","targetRectangle":{"y":186.47676642735837,"x":773.2747674118674,"width":133.85599999999999,"height":21.839999675750732}},{"text":"equation.pdf","targetRectangle":{"y":314.17556762695301,"x":1231.0193952321993,"width":23.648041971180646,"height":19.007280085830701}},{"text":"equation.pdf","targetRectangle":{"y":545.59246826171864,"x":1723.396287322043,"width":28.386626390072934,"height":25.536142799999993}},{"text":"equation.pdf","targetRectangle":{"y":422.60518391927025,"x":550.28739043076871,"width":24.049188382072202,"height":20.241899999999987}},{"text":"equation.pdf","targetRectangle":{"y":200.79321448683504,"x":420.03993330346685,"width":24.848314254659556,"height":18.140233973025829}},{"text":"equation.pdf","targetRectangle":{"y":294.34461200597354,"x":361.65027814259196,"width":13.538840848493521,"height":19.631120103020635}},{"text":"equation.pdf","targetRectangle":{"y":422.78442382812489,"x":1368.9797223806368,"width":24.859810586309095,"height":22.733998644948031}},{"text":"equation.pdf","targetRectangle":{"y":314.31137084960926,"x":1507.5929425954805,"width":23.648041971180646,"height":19.007280085830701}},{"text":"equation.pdf","targetRectangle":{"y":422.78442382812489,"x":1439.6715558767305,"width":24.859810586309095,"height":22.733998644948031}},{"text":"equation.pdf","targetRectangle":{"y":482.60721907599202,"x":362.68452514435904,"width":12.944774189333884,"height":18.016808529217258}},{"text":"equation.pdf","targetRectangle":{"y":529.43606564787706,"x":305.02031782494464,"width":10.076942105770115,"height":10.076942105770058}},{"text":"equation.pdf","targetRectangle":{"y":422.78442382812489,"x":1510.328172087668,"width":24.859810586309095,"height":22.733998644948031}},{"text":"equation.pdf","targetRectangle":{"y":484.32286485298448,"x":304.11514195780472,"width":10.695382596015918,"height":10.695382596015918}},{"text":"equation.pdf","targetRectangle":{"y":315.31137084960926,"x":1720.7032941579805,"width":28.469833304473241,"height":19.436482746355807}}],"baseLayer":{"animations":[],"initialState":{"affineTransform":[1,0,0,1,0,0],"masksToBounds":false,"rotation":0,"scale":1,"position":{"pointX":960,"pointY":540},"width":1920,"sublayerTransform":[1,0,0,0,0,1,0,0,0,0,1,0,0,0,0,1],"contentsRect":{"y":0,"x":0,"width":1,"height":1},"opacity":1,"edgeAntialiasingMask":251658240,"height":1080,"hidden":false,"anchorPoint":{"pointX":0.5,"pointY":0.5}},"layers":[{"animations":[],"initialState":{"affineTransform":[1,0,0,1,0,0],"masksToBounds":false,"rotation":0,"scale":1,"position":{"pointX":960,"pointY":540},"width":1920,"sublayerTransform":[1,0,0,0,0,1,0,0,0,0,1,0,0,0,0,1],"contentsRect":{"y":0,"x":0,"width":1,"height":1},"opacity":1,"edgeAntialiasingMask":251658240,"height":1080,"hidden":false,"anchorPoint":{"pointX":0.5,"pointY":0.5}},"layers":[{"animations":[],"initialState":{"affineTransform":[1,0,0,1,0,0],"masksToBounds":false,"rotation":0,"scale":1,"position":{"pointX":960,"pointY":540},"width":1920,"sublayerTransform":[1,0,0,0,0,1,0,0,0,0,1,0,0,0,0,1],"contentsRect":{"y":0,"x":0,"width":1,"height":1},"opacity":1,"edgeAntialiasingMask":251658240,"height":1080,"hidden":false,"anchorPoint":{"pointX":0.5,"pointY":0.5}},"layers":[{"animations":[],"layers":[],"texturedRectangle":{"isBackgroundTexture":true,"singleTextureOpacity":1,"textureType":1,"textBaseline":0,"textXHeight":0,"isVerticalText":false},"initialState":{"affineTransform":[1,0,0,1,0,0],"masksToBounds":false,"rotation":0,"scale":1,"position":{"pointX":960,"pointY":540},"width":1920,"sublayerTransform":[1,0,0,0,0,1,0,0,0,0,1,0,0,0,0,1],"contentsRect":{"y":0,"x":0,"width":1,"height":1},"opacity":1,"edgeAntialiasingMask":0,"height":1080,"hidden":false,"anchorPoint":{"pointX":0.5,"pointY":0.5}},"texture":"C25C25FF361FB24FC35F6B120D2F252D"}]}]},{"animations":[],"initialState":{"affineTransform":[1,0,0,1,0,0],"masksToBounds":false,"rotation":0,"scale":1,"position":{"pointX":960,"pointY":540},"width":1920,"sublayerTransform":[1,0,0,0,0,1,0,0,0,0,1,0,0,0,0,1],"contentsRect":{"y":0,"x":0,"width":1,"height":1},"opacity":1,"edgeAntialiasingMask":251658240,"height":1080,"hidden":false,"anchorPoint":{"pointX":0.5,"pointY":0.5}},"layers":[{"animations":[],"initialState":{"affineTransform":[1,0,0,1,0,0],"masksToBounds":false,"rotation":0,"scale":1,"position":{"pointX":516.5,"pointY":33.500000000000014},"width":1033,"sublayerTransform":[1,0,0,0,0,1,0,0,0,0,1,0,0,0,0,1],"contentsRect":{"y":0,"x":0,"width":1,"height":1},"opacity":1,"edgeAntialiasingMask":251658240,"height":67,"hidden":false,"anchorPoint":{"pointX":0.5,"pointY":0.5}},"layers":[{"animations":[],"layers":[],"texturedRectangle":{"singleTextureOpacity":1,"textXHeight":0.50462686567164183,"textBaseline":0.76567119715818732,"isBackgroundTexture":true,"isVerticalText":false,"textColor":[0,0.13333334028720856,0.31999999284744263,0.87000000476837158],"textureType":6},"initialState":{"affineTransform":[1,0,0,1,0,0],"masksToBounds":false,"rotation":0,"scale":1,"position":{"pointX":556.5,"pointY":55.499999999999986},"width":1033,"sublayerTransform":[1,0,0,0,0,1,0,0,0,0,1,0,0,0,0,1],"contentsRect":{"y":0,"x":0,"width":1,"height":1},"opacity":1,"edgeAntialiasingMask":0,"height":67,"hidden":false,"anchorPoint":{"pointX":0.5,"pointY":0.5}},"texture":"8B0FB55B577D6623D285186C70BF5051"}]}]},{"animations":[],"initialState":{"affineTransform":[1,0,0,1,0,0],"masksToBounds":false,"rotation":0,"scale":1,"position":{"pointX":960,"pointY":540},"width":1920,"sublayerTransform":[1,0,0,0,0,1,0,0,0,0,1,0,0,0,0,1],"contentsRect":{"y":0,"x":0,"width":1,"height":1},"opacity":1,"edgeAntialiasingMask":251658240,"height":1080,"hidden":false,"anchorPoint":{"pointX":0.5,"pointY":0.5}},"layers":[{"animations":[],"initialState":{"affineTransform":[1,0,0,1,0,0],"masksToBounds":false,"rotation":0,"scale":1,"position":{"pointX":294.05726957321281,"pointY":410.65188321188191},"width":404,"sublayerTransform":[1,0,0,0,0,1,0,0,0,0,1,0,0,0,0,1],"contentsRect":{"y":0,"x":0,"width":1,"height":1},"opacity":1,"edgeAntialiasingMask":251658240,"height":463,"hidden":false,"anchorPoint":{"pointX":0.5,"pointY":0.5}},"layers":[{"animations":[],"layers":[],"texturedRectangle":{"isBackgroundTexture":true,"singleTextureOpacity":1,"textureType":5,"textBaseline":0,"textXHeight":0,"isVerticalText":false},"initialState":{"affineTransform":[1,0,0,1,0,0],"masksToBounds":false,"rotation":0,"scale":1,"position":{"pointX":199.94273042678719,"pointY":230.34811678811812},"width":404,"sublayerTransform":[1,0,0,0,0,1,0,0,0,0,1,0,0,0,0,1],"contentsRect":{"y":0,"x":0,"width":1,"height":1},"opacity":1,"edgeAntialiasingMask":0,"height":463,"hidden":false,"anchorPoint":{"pointX":0.5,"pointY":0.5}},"texture":"C900806558AEF23249BFD91014233CF5"}]}]},{"animations":[],"initialState":{"affineTransform":[1,0,0,1,0,0],"masksToBounds":false,"rotation":0,"scale":1,"position":{"pointX":960,"pointY":540},"width":1920,"sublayerTransform":[1,0,0,0,0,1,0,0,0,0,1,0,0,0,0,1],"contentsRect":{"y":0,"x":0,"width":1,"height":1},"opacity":1,"edgeAntialiasingMask":251658240,"height":1080,"hidden":false,"anchorPoint":{"pointX":0.5,"pointY":0.5}},"layers":[{"animations":[],"initialState":{"affineTransform":[1,0,0,1,0,0],"masksToBounds":false,"rotation":0,"scale":1,"position":{"pointX":1186.6423334678009,"pointY":433.21505533854184},"width":218,"sublayerTransform":[1,0,0,0,0,1,0,0,0,0,1,0,0,0,0,1],"contentsRect":{"y":0,"x":0,"width":1,"height":1},"opacity":0.074774079024791718,"edgeAntialiasingMask":251658240,"height":13,"hidden":false,"anchorPoint":{"pointX":0.5,"pointY":0.5}},"layers":[{"animations":[],"layers":[],"texturedRectangle":{"singleTextureOpacity":0.074774079024791718,"textXHeight":0,"shapePath":{"lineWidth":1,"flatness":0.59999999999999998,"lineCapStyle":0,"elements":[{"type":"MoveToPoint","points":[[1.6423334678008814,6.5150553385418561]]},{"type":"AddLine","points":[[207.02233147514835,6.5150553385418561]]},{"type":"AddLine","points":[[208.02233147514858,6.5150553385418561]]}],"windingRule":0,"lineJoinStyle":0,"miterLimit":10},"isBackgroundTexture":true,"textBaseline":0,"isVerticalText":false,"textureType":5},"initialState":{"affineTransform":[1,0,0,1,0,0],"masksToBounds":false,"rotation":0,"scale":1,"position":{"pointX":107.35766653219912,"pointY":4.7849446614581552},"width":218,"sublayerTransform":[1,0,0,0,0,1,0,0,0,0,1,0,0,0,0,1],"contentsRect":{"y":0,"x":0,"width":1,"height":1},"opacity":1,"edgeAntialiasingMask":0,"height":13,"hidden":false,"anchorPoint":{"pointX":0.5,"pointY":0.5}},"texture":"20604044E341778D65D4A39E2904B863"}]}]},{"animations":[],"initialState":{"affineTransform":[1,0,0,1,0,0],"masksToBounds":false,"rotation":0,"scale":1,"position":{"pointX":960,"pointY":540},"width":1920,"sublayerTransform":[1,0,0,0,0,1,0,0,0,0,1,0,0,0,0,1],"contentsRect":{"y":0,"x":0,"width":1,"height":1},"opacity":1,"edgeAntialiasingMask":251658240,"height":1080,"hidden":false,"anchorPoint":{"pointX":0.5,"pointY":0.5}},"layers":[{"animations":[],"initialState":{"affineTransform":[1,0,0,1,0,0],"masksToBounds":false,"rotation":0,"scale":1,"position":{"pointX":810.11081572373746,"pointY":493.59834798177025},"width":529,"sublayerTransform":[1,0,0,0,0,1,0,0,0,0,1,0,0,0,0,1],"contentsRect":{"y":0,"x":0,"width":1,"height":1},"opacity":1,"edgeAntialiasingMask":251658240,"height":209,"hidden":false,"anchorPoint":{"pointX":0.5,"pointY":0.5}},"layers":[{"animations":[],"layers":[],"texturedRectangle":{"isBackgroundTexture":true,"singleTextureOpacity":1,"textureType":5,"textBaseline":0,"textXHeight":0,"isVerticalText":false},"initialState":{"affineTransform":[1,0,0,1,0,0],"masksToBounds":false,"rotation":0,"scale":1,"position":{"pointX":262.88918427626254,"pointY":103.40165201822975},"width":529,"sublayerTransform":[1,0,0,0,0,1,0,0,0,0,1,0,0,0,0,1],"contentsRect":{"y":0,"x":0,"width":1,"height":1},"opacity":1,"edgeAntialiasingMask":0,"height":209,"hidden":false,"anchorPoint":{"pointX":0.5,"pointY":0.5}},"texture":"07E1F861F557B6662B233595C72B2D18"}]}]},{"animations":[],"initialState":{"affineTransform":[1,0,0,1,0,0],"masksToBounds":false,"rotation":0,"scale":1,"position":{"pointX":960,"pointY":540},"width":1920,"sublayerTransform":[1,0,0,0,0,1,0,0,0,0,1,0,0,0,0,1],"contentsRect":{"y":0,"x":0,"width":1,"height":1},"opacity":1,"edgeAntialiasingMask":251658240,"height":1080,"hidden":false,"anchorPoint":{"pointX":0.5,"pointY":0.5}},"layers":[{"animations":[],"initialState":{"affineTransform":[1,0,0,1,0,0],"masksToBounds":false,"rotation":0,"scale":1,"position":{"pointX":1500.3915791908892,"pointY":411.17792773246674},"width":624,"sublayerTransform":[1,0,0,0,0,1,0,0,0,0,1,0,0,0,0,1],"contentsRect":{"y":0,"x":0,"width":1,"height":1},"opacity":0.17543740570545197,"edgeAntialiasingMask":251658240,"height":463,"hidden":false,"anchorPoint":{"pointX":0.5,"pointY":0.5}},"layers":[{"animations":[],"layers":[],"texturedRectangle":{"singleTextureOpacity":0.17543740570545197,"textXHeight":0,"shapePath":{"lineWidth":1,"flatness":0.59999999999999998,"lineCapStyle":0,"elements":[{"type":"MoveToPoint","points":[[1.8915791908891606,2.1779277324667419]]},{"type":"AddLine","points":[[621.58914999167018,2.1779277324667419]]},{"type":"AddLine","points":[[621.58914999167018,460.65540575981049]]},{"type":"AddLine","points":[[1.8915791908891606,460.65540575981049]]},{"type":"CloseSubpath"},{"type":"MoveToPoint","points":[[1.8915791908891606,2.1779277324667419]]}],"windingRule":0,"lineJoinStyle":0,"miterLimit":10},"isBackgroundTexture":true,"textBaseline":0,"isVerticalText":false,"textureType":5},"initialState":{"affineTransform":[1,0,0,1,0,0],"masksToBounds":false,"rotation":0,"scale":1,"position":{"pointX":310.60842080911084,"pointY":229.82207226753326},"width":624,"sublayerTransform":[1,0,0,0,0,1,0,0,0,0,1,0,0,0,0,1],"contentsRect":{"y":0,"x":0,"width":1,"height":1},"opacity":1,"edgeAntialiasingMask":0,"height":463,"hidden":false,"anchorPoint":{"pointX":0.5,"pointY":0.5}},"texture":"64736939ECF31AFA29619F1C0F570597"}]}]},{"animations":[],"initialState":{"affineTransform":[1,0,0,1,0,0],"masksToBounds":false,"rotation":0,"scale":1,"position":{"pointX":960,"pointY":540},"width":1920,"sublayerTransform":[1,0,0,0,0,1,0,0,0,0,1,0,0,0,0,1],"contentsRect":{"y":0,"x":0,"width":1,"height":1},"opacity":1,"edgeAntialiasingMask":251658240,"height":1080,"hidden":false,"anchorPoint":{"pointX":0.5,"pointY":0.5}},"layers":[{"animations":[],"initialState":{"affineTransform":[1,0,0,1,0,0],"masksToBounds":false,"rotation":0,"scale":1,"position":{"pointX":841.62994198004424,"pointY":411.17792749404884},"width":651,"sublayerTransform":[1,0,0,0,0,1,0,0,0,0,1,0,0,0,0,1],"contentsRect":{"y":0,"x":0,"width":1,"height":1},"opacity":0.17543740570545197,"edgeAntialiasingMask":251658240,"height":463,"hidden":false,"anchorPoint":{"pointX":0.5,"pointY":0.5}},"layers":[{"animations":[],"layers":[],"texturedRectangle":{"singleTextureOpacity":0.17543740570545197,"textXHeight":0,"shapePath":{"lineWidth":1,"flatness":0.59999999999999998,"lineCapStyle":0,"elements":[{"type":"MoveToPoint","points":[[1.6299419800442365,2.1779274940488449]]},{"type":"AddLine","points":[[648.7756328980131,2.1779274940488449]]},{"type":"AddLine","points":[[648.7756328980131,460.65540552139271]]},{"type":"AddLine","points":[[1.6299419800442365,460.65540552139271]]},{"type":"CloseSubpath"},{"type":"MoveToPoint","points":[[1.6299419800442365,2.1779274940488449]]}],"windingRule":0,"lineJoinStyle":0,"miterLimit":10},"isBackgroundTexture":true,"textBaseline":0,"isVerticalText":false,"textureType":5},"initialState":{"affineTransform":[1,0,0,1,0,0],"masksToBounds":false,"rotation":0,"scale":1,"position":{"pointX":324.37005801995576,"pointY":229.82207250595116},"width":651,"sublayerTransform":[1,0,0,0,0,1,0,0,0,0,1,0,0,0,0,1],"contentsRect":{"y":0,"x":0,"width":1,"height":1},"opacity":1,"edgeAntialiasingMask":0,"height":463,"hidden":false,"anchorPoint":{"pointX":0.5,"pointY":0.5}},"texture":"2EE92B5438FC404611051D6D9F604132"}]}]},{"animations":[],"initialState":{"affineTransform":[1,0,0,1,0,0],"masksToBounds":false,"rotation":0,"scale":1,"position":{"pointX":960,"pointY":540},"width":1920,"sublayerTransform":[1,0,0,0,0,1,0,0,0,0,1,0,0,0,0,1],"contentsRect":{"y":0,"x":0,"width":1,"height":1},"opacity":1,"edgeAntialiasingMask":251658240,"height":1080,"hidden":false,"anchorPoint":{"pointX":0.5,"pointY":0.5}},"layers":[{"animations":[],"initialState":{"affineTransform":[1,0,0,1,0,0],"masksToBounds":false,"rotation":0,"scale":1,"position":{"pointX":587.30472664038302,"pointY":190.47676642735837},"width":137,"sublayerTransform":[1,0,0,0,0,1,0,0,0,0,1,0,0,0,0,1],"contentsRect":{"y":0,"x":0,"width":1,"height":1},"opacity":1,"edgeAntialiasingMask":251658240,"height":16,"hidden":false,"anchorPoint":{"pointX":0.5,"pointY":0.5}},"layers":[{"animations":[],"layers":[],"texturedRectangle":{"singleTextureOpacity":1,"textXHeight":0.52300000000000002,"textBaseline":0.86229743560157601,"isBackgroundTexture":true,"isVerticalText":false,"textColor":[0.37036359310150146,0.37036353349685669,0.37036359310150146,1],"textureType":6},"initialState":{"affineTransform":[1,0,0,1,0,0],"masksToBounds":false,"rotation":0,"scale":1,"position":{"pointX":321.69527335961698,"pointY":16.52323357264163},"width":137,"sublayerTransform":[1,0,0,0,0,1,0,0,0,0,1,0,0,0,0,1],"contentsRect":{"y":0,"x":0,"width":1,"height":1},"opacity":1,"edgeAntialiasingMask":0,"height":16,"hidden":false,"anchorPoint":{"pointX":0.5,"pointY":0.5}},"texture":"5FB1FA085CCA982AF1178DD224C14854"}]}]},{"animations":[],"initialState":{"affineTransform":[1,0,0,1,0,0],"masksToBounds":false,"rotation":0,"scale":1,"position":{"pointX":960,"pointY":540},"width":1920,"sublayerTransform":[1,0,0,0,0,1,0,0,0,0,1,0,0,0,0,1],"contentsRect":{"y":0,"x":0,"width":1,"height":1},"opacity":1,"edgeAntialiasingMask":251658240,"height":1080,"hidden":false,"anchorPoint":{"pointX":0.5,"pointY":0.5}},"layers":[{"animations":[],"initialState":{"affineTransform":[1,0,0,1,0,0],"masksToBounds":false,"rotation":0,"scale":1,"position":{"pointX":1256.0365177392955,"pointY":190.47676654656749},"width":138,"sublayerTransform":[1,0,0,0,0,1,0,0,0,0,1,0,0,0,0,1],"contentsRect":{"y":0,"x":0,"width":1,"height":1},"opacity":1,"edgeAntialiasingMask":251658240,"height":16,"hidden":false,"anchorPoint":{"pointX":0.5,"pointY":0.5}},"layers":[{"animations":[],"layers":[],"texturedRectangle":{"singleTextureOpacity":1,"textXHeight":0.52300000000000002,"textBaseline":0.86229744305214595,"isBackgroundTexture":true,"isVerticalText":false,"textColor":[0.37036359310150146,0.37036353349685669,0.37036359310150146,1],"textureType":6},"initialState":{"affineTransform":[1,0,0,1,0,0],"masksToBounds":false,"rotation":0,"scale":1,"position":{"pointX":312.9634822607045,"pointY":16.52323345343251},"width":138,"sublayerTransform":[1,0,0,0,0,1,0,0,0,0,1,0,0,0,0,1],"contentsRect":{"y":0,"x":0,"width":1,"height":1},"opacity":1,"edgeAntialiasingMask":0,"height":16,"hidden":false,"anchorPoint":{"pointX":0.5,"pointY":0.5}},"texture":"1CA3EB23AF7FE5F54532633AE3CD5A01"}]}]},{"animations":[],"initialState":{"affineTransform":[1,0,0,1,0,0],"masksToBounds":false,"rotation":0,"scale":1,"position":{"pointX":960,"pointY":540},"width":1920,"sublayerTransform":[1,0,0,0,0,1,0,0,0,0,1,0,0,0,0,1],"contentsRect":{"y":0,"x":0,"width":1,"height":1},"opacity":1,"edgeAntialiasingMask":251658240,"height":1080,"hidden":false,"anchorPoint":{"pointX":0.5,"pointY":0.5}},"layers":[{"animations":[],"initialState":{"affineTransform":[1,0,0,1,0,0],"masksToBounds":false,"rotation":0,"scale":1,"position":{"pointX":1182.5473308563226,"pointY":432.09005588293155},"width":91,"sublayerTransform":[1,0,0,0,0,1,0,0,0,0,1,0,0,0,0,1],"contentsRect":{"y":0,"x":0,"width":1,"height":1},"opacity":0.71312099695205688,"edgeAntialiasingMask":251658240,"height":31,"hidden":false,"anchorPoint":{"pointX":0.5,"pointY":0.5}},"objectID":"C308A0F3-72B2-4F38-BE64-59B5D67897D3","layers":[{"animations":[],"layers":[],"texturedRectangle":{"singleTextureOpacity":0.71312099695205688,"textXHeight":0,"shapePath":{"lineWidth":1,"flatness":0.59999999999999998,"lineCapStyle":0,"elements":[{"type":"MoveToPoint","points":[[1.0473308563225601,1.5900558829315514]]},{"type":"AddLine","points":[[89.217328786849293,1.5900558829315514]]},{"type":"AddLine","points":[[89.217328786849293,29.440054953099093]]},{"type":"AddLine","points":[[1.0473308563225601,29.440054953099093]]},{"type":"CloseSubpath"},{"type":"MoveToPoint","points":[[1.0473308563225601,1.5900558829315514]]}],"windingRule":0,"lineJoinStyle":0,"miterLimit":10},"isBackgroundTexture":true,"textBaseline":0,"isVerticalText":false,"textureType":5},"initialState":{"affineTransform":[1,0,0,1,0,0],"masksToBounds":false,"rotation":0,"scale":1,"position":{"pointX":44.45266914367744,"pointY":13.909944117068449},"width":91,"sublayerTransform":[1,0,0,0,0,1,0,0,0,0,1,0,0,0,0,1],"contentsRect":{"y":0,"x":0,"width":1,"height":1},"opacity":1,"edgeAntialiasingMask":0,"height":31,"hidden":true,"anchorPoint":{"pointX":0.5,"pointY":0.5}},"texture":"C970C757B7EFF609DD5151375DE3E899"}]}]},{"animations":[],"initialState":{"affineTransform":[1,0,0,1,0,0],"masksToBounds":false,"rotation":0,"scale":1,"position":{"pointX":960,"pointY":540},"width":1920,"sublayerTransform":[1,0,0,0,0,1,0,0,0,0,1,0,0,0,0,1],"contentsRect":{"y":0,"x":0,"width":1,"height":1},"opacity":1,"edgeAntialiasingMask":251658240,"height":1080,"hidden":false,"anchorPoint":{"pointX":0.5,"pointY":0.5}},"layers":[{"animations":[],"initialState":{"affineTransform":[1,0,0,1,0,0],"masksToBounds":false,"rotation":0,"scale":1,"position":{"pointX":723.23627912998143,"pointY":731.19230218728353},"width":414,"sublayerTransform":[1,0,0,0,0,1,0,0,0,0,1,0,0,0,0,1],"contentsRect":{"y":0,"x":0,"width":1,"height":1},"opacity":1,"edgeAntialiasingMask":251658240,"height":24,"hidden":false,"anchorPoint":{"pointX":0.5,"pointY":0.5}},"layers":[{"animations":[],"layers":[],"texturedRectangle":{"singleTextureOpacity":1,"textXHeight":0.528564453125,"textBaseline":0.88264638019931374,"isBackgroundTexture":true,"isVerticalText":false,"textColor":[0.00063899887027218938,0.63360309600830078,0.99999994039535522,1],"textureType":6},"initialState":{"affineTransform":[1,0,0,1,0,0],"masksToBounds":false,"rotation":0,"scale":1,"position":{"pointX":338.76372087001857,"pointY":19.807697812716469},"width":414,"sublayerTransform":[1,0,0,0,0,1,0,0,0,0,1,0,0,0,0,1],"contentsRect":{"y":0,"x":0,"width":1,"height":1},"opacity":1,"edgeAntialiasingMask":0,"height":24,"hidden":false,"anchorPoint":{"pointX":0.5,"pointY":0.5}},"texture":"3A4564520A48E5EB14B90BF612242FC5"}]}]},{"animations":[],"initialState":{"affineTransform":[1,0,0,1,0,0],"masksToBounds":false,"rotation":0,"scale":1,"position":{"pointX":960,"pointY":540},"width":1920,"sublayerTransform":[1,0,0,0,0,1,0,0,0,0,1,0,0,0,0,1],"contentsRect":{"y":0,"x":0,"width":1,"height":1},"opacity":1,"edgeAntialiasingMask":251658240,"height":1080,"hidden":false,"anchorPoint":{"pointX":0.5,"pointY":0.5}},"layers":[{"animations":[],"initialState":{"affineTransform":[1,0,0,1,0,0],"masksToBounds":false,"rotation":0,"scale":1,"position":{"pointX":272.3242050409313,"pointY":734.7723022500669},"width":269,"sublayerTransform":[1,0,0,0,0,1,0,0,0,0,1,0,0,0,0,1],"contentsRect":{"y":0,"x":0,"width":1,"height":1},"opacity":1,"edgeAntialiasingMask":251658240,"height":19,"hidden":false,"anchorPoint":{"pointX":0.5,"pointY":0.5}},"layers":[{"animations":[],"layers":[],"texturedRectangle":{"singleTextureOpacity":1,"textXHeight":0.44042105263157899,"textBaseline":0.76801551538598667,"isBackgroundTexture":true,"isVerticalText":false,"textColor":[0.37036359310150146,0.37036353349685669,0.37036359310150146,1],"textureType":6},"initialState":{"affineTransform":[1,0,0,1,0,0],"masksToBounds":false,"rotation":0,"scale":1,"position":{"pointX":171.6757949590687,"pointY":17.2276977499331},"width":269,"sublayerTransform":[1,0,0,0,0,1,0,0,0,0,1,0,0,0,0,1],"contentsRect":{"y":0,"x":0,"width":1,"height":1},"opacity":1,"edgeAntialiasingMask":0,"height":19,"hidden":false,"anchorPoint":{"pointX":0.5,"pointY":0.5}},"texture":"34EAF03FA494F666B3647B078A234A82"}]}]},{"animations":[],"initialState":{"affineTransform":[1,0,0,1,0,0],"masksToBounds":false,"rotation":0,"scale":1,"position":{"pointX":960,"pointY":540},"width":1920,"sublayerTransform":[1,0,0,0,0,1,0,0,0,0,1,0,0,0,0,1],"contentsRect":{"y":0,"x":0,"width":1,"height":1},"opacity":1,"edgeAntialiasingMask":251658240,"height":1080,"hidden":false,"anchorPoint":{"pointX":0.5,"pointY":0.5}},"layers":[{"animations":[],"initialState":{"affineTransform":[1,0,0,1,0,0],"masksToBounds":false,"rotation":0,"scale":1,"position":{"pointX":961.96362300713827,"pointY":741.46889752149525},"width":1706,"sublayerTransform":[1,0,0,0,0,1,0,0,0,0,1,0,0,0,0,1],"contentsRect":{"y":0,"x":0,"width":1,"height":1},"opacity":0.17543740570545197,"edgeAntialiasingMask":251658240,"height":156,"hidden":false,"anchorPoint":{"pointX":0.5,"pointY":0.5}},"layers":[{"animations":[],"layers":[],"texturedRectangle":{"singleTextureOpacity":0.17543740570545197,"textXHeight":0,"shapePath":{"lineWidth":1,"flatness":0.59999999999999998,"lineCapStyle":0,"elements":[{"type":"MoveToPoint","points":[[2.4636230071382386,1.9688975214952507]]},{"type":"AddLine","points":[[1703.5363769133883,1.9688975214952507]]},{"type":"AddLine","points":[[1703.5363769133883,154.41570538282349]]},{"type":"AddLine","points":[[2.4636230071382386,154.41570538282349]]},{"type":"CloseSubpath"},{"type":"MoveToPoint","points":[[2.4636230071382386,1.9688975214952507]]}],"windingRule":0,"lineJoinStyle":0,"miterLimit":10},"isBackgroundTexture":true,"textBaseline":0,"isVerticalText":false,"textureType":5},"initialState":{"affineTransform":[1,0,0,1,0,0],"masksToBounds":false,"rotation":0,"scale":1,"position":{"pointX":851.03637699286173,"pointY":76.531102478504749},"width":1706,"sublayerTransform":[1,0,0,0,0,1,0,0,0,0,1,0,0,0,0,1],"contentsRect":{"y":0,"x":0,"width":1,"height":1},"opacity":1,"edgeAntialiasingMask":0,"height":156,"hidden":false,"anchorPoint":{"pointX":0.5,"pointY":0.5}},"texture":"CB34FFB76A66604A091C9F103D1A2967"}]}]},{"animations":[],"initialState":{"affineTransform":[1,0,0,1,0,0],"masksToBounds":false,"rotation":0,"scale":1,"position":{"pointX":960,"pointY":540},"width":1920,"sublayerTransform":[1,0,0,0,0,1,0,0,0,0,1,0,0,0,0,1],"contentsRect":{"y":0,"x":0,"width":1,"height":1},"opacity":1,"edgeAntialiasingMask":251658240,"height":1080,"hidden":false,"anchorPoint":{"pointX":0.5,"pointY":0.5}},"layers":[{"animations":[],"initialState":{"affineTransform":[1,0,0,1,0,0],"masksToBounds":false,"rotation":0,"scale":1,"position":{"pointX":1444.687512040138,"pointY":733.69230218728353},"width":503,"sublayerTransform":[1,0,0,0,0,1,0,0,0,0,1,0,0,0,0,1],"contentsRect":{"y":0,"x":0,"width":1,"height":1},"opacity":1,"edgeAntialiasingMask":251658240,"height":29,"hidden":false,"anchorPoint":{"pointX":0.5,"pointY":0.5}},"layers":[{"animations":[],"layers":[],"texturedRectangle":{"singleTextureOpacity":1,"textXHeight":0.43743265086206895,"textBaseline":0.7304659698201218,"isBackgroundTexture":true,"isVerticalText":false,"textColor":[0.70822423696517944,0.091325841844081879,2.4065375470172512e-08,1],"textureType":6},"initialState":{"affineTransform":[1,0,0,1,0,0],"masksToBounds":false,"rotation":0,"scale":1,"position":{"pointX":308.31248795986198,"pointY":22.307697812716469},"width":503,"sublayerTransform":[1,0,0,0,0,1,0,0,0,0,1,0,0,0,0,1],"contentsRect":{"y":0,"x":0,"width":1,"height":1},"opacity":1,"edgeAntialiasingMask":0,"height":29,"hidden":false,"anchorPoint":{"pointX":0.5,"pointY":0.5}},"texture":"CF3B60BAF51A0B613EB32C0DD1FE2785"}]}]},{"animations":[],"initialState":{"affineTransform":[1,0,0,1,0,0],"masksToBounds":false,"rotation":0,"scale":1,"position":{"pointX":960,"pointY":540},"width":1920,"sublayerTransform":[1,0,0,0,0,1,0,0,0,0,1,0,0,0,0,1],"contentsRect":{"y":0,"x":0,"width":1,"height":1},"opacity":1,"edgeAntialiasingMask":251658240,"height":1080,"hidden":false,"anchorPoint":{"pointX":0.5,"pointY":0.5}},"layers":[{"animations":[],"initialState":{"affineTransform":[1,0,0,1,0,0],"masksToBounds":false,"rotation":0,"scale":1,"position":{"pointX":1160.2335204680758,"pointY":741.39230161110549},"width":121,"sublayerTransform":[1,0,0,0,0,1,0,0,0,0,1,0,0,0,0,1],"contentsRect":{"y":0,"x":0,"width":1,"height":1},"opacity":0.074774079024791718,"edgeAntialiasingMask":251658240,"height":12,"hidden":false,"anchorPoint":{"pointX":0.5,"pointY":0.5}},"layers":[{"animations":[],"layers":[],"texturedRectangle":{"singleTextureOpacity":0.074774079024791718,"textXHeight":0,"shapePath":{"lineWidth":1,"flatness":0.59999999999999998,"lineCapStyle":0,"elements":[{"type":"MoveToPoint","points":[[1.733520468075767,6.1923016111054494]]},{"type":"AddLine","points":[[109.49950388221396,6.1923016111054494]]},{"type":"AddLine","points":[[110.49950388221396,6.1923016111054494]]}],"windingRule":0,"lineJoinStyle":0,"miterLimit":10},"isBackgroundTexture":true,"textBaseline":0,"isVerticalText":false,"textureType":5},"initialState":{"affineTransform":[1,0,0,1,0,0],"masksToBounds":false,"rotation":0,"scale":1,"position":{"pointX":58.766479531924233,"pointY":4.6076983888945051},"width":121,"sublayerTransform":[1,0,0,0,0,1,0,0,0,0,1,0,0,0,0,1],"contentsRect":{"y":0,"x":0,"width":1,"height":1},"opacity":1,"edgeAntialiasingMask":0,"height":12,"hidden":false,"anchorPoint":{"pointX":0.5,"pointY":0.5}},"texture":"760C9FEC4E11953CBAEA8592E55BC5F5"}]}]},{"animations":[],"initialState":{"affineTransform":[1,0,0,1,0,0],"masksToBounds":false,"rotation":0,"scale":1,"position":{"pointX":960,"pointY":540},"width":1920,"sublayerTransform":[1,0,0,0,0,1,0,0,0,0,1,0,0,0,0,1],"contentsRect":{"y":0,"x":0,"width":1,"height":1},"opacity":1,"edgeAntialiasingMask":251658240,"height":1080,"hidden":false,"anchorPoint":{"pointX":0.5,"pointY":0.5}},"layers":[{"animations":[],"initialState":{"affineTransform":[1,0,0,1,0,0],"masksToBounds":false,"rotation":0,"scale":1,"position":{"pointX":1490.0660260915743,"pointY":456.72964477539051},"width":530,"sublayerTransform":[1,0,0,0,0,1,0,0,0,0,1,0,0,0,0,1],"contentsRect":{"y":0,"x":0,"width":1,"height":1},"opacity":1,"edgeAntialiasingMask":251658240,"height":320,"hidden":false,"anchorPoint":{"pointX":0.5,"pointY":0.5}},"layers":[{"animations":[],"layers":[],"texturedRectangle":{"isBackgroundTexture":true,"singleTextureOpacity":1,"textureType":5,"textBaseline":0,"textXHeight":0,"isVerticalText":false},"initialState":{"affineTransform":[1,0,0,1,0,0],"masksToBounds":false,"rotation":0,"scale":1,"position":{"pointX":263.93397390842574,"pointY":158.27035522460949},"width":530,"sublayerTransform":[1,0,0,0,0,1,0,0,0,0,1,0,0,0,0,1],"contentsRect":{"y":0,"x":0,"width":1,"height":1},"opacity":1,"edgeAntialiasingMask":0,"height":320,"hidden":false,"anchorPoint":{"pointX":0.5,"pointY":0.5}},"texture":"1AA72DA4CF5D6329BEB86DC27C1D7478"}]}]},{"animations":[],"initialState":{"affineTransform":[1,0,0,1,0,0],"masksToBounds":false,"rotation":0,"scale":1,"position":{"pointX":960,"pointY":540},"width":1920,"sublayerTransform":[1,0,0,0,0,1,0,0,0,0,1,0,0,0,0,1],"contentsRect":{"y":0,"x":0,"width":1,"height":1},"opacity":1,"edgeAntialiasingMask":251658240,"height":1080,"hidden":false,"anchorPoint":{"pointX":0.5,"pointY":0.5}},"layers":[{"animations":[],"initialState":{"affineTransform":[1,0,0,1,0,0],"masksToBounds":false,"rotation":0,"scale":1,"position":{"pointX":909.23629760742188,"pointY":911.45258716742205},"width":786,"sublayerTransform":[1,0,0,0,0,1,0,0,0,0,1,0,0,0,0,1],"contentsRect":{"y":0,"x":0,"width":1,"height":1},"opacity":1,"edgeAntialiasingMask":251658240,"height":29,"hidden":false,"anchorPoint":{"pointX":0.5,"pointY":0.5}},"layers":[{"animations":[],"layers":[],"texturedRectangle":{"singleTextureOpacity":1,"textXHeight":0.43743265086206895,"textBaseline":0.75668269327317428,"isBackgroundTexture":true,"isVerticalText":false,"textColor":[0.57230675220489502,0.57230663299560547,0.57230663299560547,1],"textureType":6},"initialState":{"affineTransform":[1,0,0,1,0,0],"masksToBounds":false,"rotation":0,"scale":1,"position":{"pointX":624.76370239257812,"pointY":21.547412832577947},"width":786,"sublayerTransform":[1,0,0,0,0,1,0,0,0,0,1,0,0,0,0,1],"contentsRect":{"y":0,"x":0,"width":1,"height":1},"opacity":1,"edgeAntialiasingMask":0,"height":29,"hidden":false,"anchorPoint":{"pointX":0.5,"pointY":0.5}},"texture":"C6F01F9AAD415B3A1322F3194FC7005A"}]}]},{"animations":[],"initialState":{"affineTransform":[1,0,0,1,0,0],"masksToBounds":false,"rotation":0,"scale":1,"position":{"pointX":960,"pointY":540},"width":1920,"sublayerTransform":[1,0,0,0,0,1,0,0,0,0,1,0,0,0,0,1],"contentsRect":{"y":0,"x":0,"width":1,"height":1},"opacity":1,"edgeAntialiasingMask":251658240,"height":1080,"hidden":false,"anchorPoint":{"pointX":0.5,"pointY":0.5}},"layers":[{"animations":[],"initialState":{"affineTransform":[1,0,0,1,0,0],"masksToBounds":false,"rotation":0,"scale":1,"position":{"pointX":226.82420349121102,"pointY":912.53258661429095},"width":178,"sublayerTransform":[1,0,0,0,0,1,0,0,0,0,1,0,0,0,0,1],"contentsRect":{"y":0,"x":0,"width":1,"height":1},"opacity":1,"edgeAntialiasingMask":251658240,"height":19,"hidden":false,"anchorPoint":{"pointX":0.5,"pointY":0.5}},"layers":[{"animations":[],"layers":[],"texturedRectangle":{"singleTextureOpacity":1,"textXHeight":0.44042105263157899,"textBaseline":0.7027673240293576,"isBackgroundTexture":true,"isVerticalText":false,"textColor":[0.37036359310150146,0.37036353349685669,0.37036359310150146,1],"textureType":6},"initialState":{"affineTransform":[1,0,0,1,0,0],"masksToBounds":false,"rotation":0,"scale":1,"position":{"pointX":171.17579650878898,"pointY":18.467413385709051},"width":178,"sublayerTransform":[1,0,0,0,0,1,0,0,0,0,1,0,0,0,0,1],"contentsRect":{"y":0,"x":0,"width":1,"height":1},"opacity":1,"edgeAntialiasingMask":0,"height":19,"hidden":false,"anchorPoint":{"pointX":0.5,"pointY":0.5}},"texture":"0921974E388DF18FD7BB3344B5C22AD5"}]}]},{"animations":[],"initialState":{"affineTransform":[1,0,0,1,0,0],"masksToBounds":false,"rotation":0,"scale":1,"position":{"pointX":960,"pointY":540},"width":1920,"sublayerTransform":[1,0,0,0,0,1,0,0,0,0,1,0,0,0,0,1],"contentsRect":{"y":0,"x":0,"width":1,"height":1},"opacity":1,"edgeAntialiasingMask":251658240,"height":1080,"hidden":false,"anchorPoint":{"pointX":0.5,"pointY":0.5}},"layers":[{"animations":[],"initialState":{"affineTransform":[1,0,0,1,0,0],"masksToBounds":false,"rotation":0,"scale":1,"position":{"pointX":961.963623046875,"pointY":919.22919718424487},"width":1706,"sublayerTransform":[1,0,0,0,0,1,0,0,0,0,1,0,0,0,0,1],"contentsRect":{"y":0,"x":0,"width":1,"height":1},"opacity":0.17543740570545197,"edgeAntialiasingMask":251658240,"height":156,"hidden":false,"anchorPoint":{"pointX":0.5,"pointY":0.5}},"layers":[{"animations":[],"layers":[],"texturedRectangle":{"singleTextureOpacity":0.17543740570545197,"textXHeight":0,"shapePath":{"lineWidth":1,"flatness":0.59999999999999998,"lineCapStyle":0,"elements":[{"type":"MoveToPoint","points":[[2.4636230468749432,1.7291971842448675]]},{"type":"AddLine","points":[[1703.536376953125,1.7291971842448675]]},{"type":"AddLine","points":[[1703.536376953125,154.17600504557299]]},{"type":"AddLine","points":[[2.4636230468749432,154.17600504557299]]},{"type":"CloseSubpath"},{"type":"MoveToPoint","points":[[2.4636230468749432,1.7291971842448675]]}],"windingRule":0,"lineJoinStyle":0,"miterLimit":10},"isBackgroundTexture":true,"textBaseline":0,"isVerticalText":false,"textureType":5},"initialState":{"affineTransform":[1,0,0,1,0,0],"masksToBounds":false,"rotation":0,"scale":1,"position":{"pointX":851.036376953125,"pointY":76.770802815755133},"width":1706,"sublayerTransform":[1,0,0,0,0,1,0,0,0,0,1,0,0,0,0,1],"contentsRect":{"y":0,"x":0,"width":1,"height":1},"opacity":1,"edgeAntialiasingMask":0,"height":156,"hidden":false,"anchorPoint":{"pointX":0.5,"pointY":0.5}},"texture":"5ACCD35F302E661828308090938C657D"}]}]},{"animations":[],"initialState":{"affineTransform":[1,0,0,1,0,0],"masksToBounds":false,"rotation":0,"scale":1,"position":{"pointX":960,"pointY":540},"width":1920,"sublayerTransform":[1,0,0,0,0,1,0,0,0,0,1,0,0,0,0,1],"contentsRect":{"y":0,"x":0,"width":1,"height":1},"opacity":1,"edgeAntialiasingMask":251658240,"height":1080,"hidden":false,"anchorPoint":{"pointX":0.5,"pointY":0.5}},"layers":[{"animations":[],"initialState":{"affineTransform":[1,0,0,1,0,0],"masksToBounds":false,"rotation":0,"scale":1,"position":{"pointX":1035.0589900414161,"pointY":947.42337896426511},"width":66,"sublayerTransform":[1,0,0,0,0,1,0,0,0,0,1,0,0,0,0,1],"contentsRect":{"y":0,"x":0,"width":1,"height":1},"opacity":0.71312099695205688,"edgeAntialiasingMask":251658240,"height":31,"hidden":false,"anchorPoint":{"pointX":0.5,"pointY":0.5}},"layers":[{"animations":[],"layers":[],"texturedRectangle":{"singleTextureOpacity":0.71312099695205688,"textXHeight":0,"shapePath":{"lineWidth":1,"flatness":0.59999999999999998,"lineCapStyle":0,"elements":[{"type":"MoveToPoint","points":[[1.0589900414161093,1.9233789642651118]]},{"type":"AddLine","points":[[64.538991729419649,1.9233789642651118]]},{"type":"AddLine","points":[[64.538991729419649,29.773378034432653]]},{"type":"AddLine","points":[[1.0589900414161093,29.773378034432653]]},{"type":"CloseSubpath"},{"type":"MoveToPoint","points":[[1.0589900414161093,1.9233789642651118]]}],"windingRule":0,"lineJoinStyle":0,"miterLimit":10},"isBackgroundTexture":true,"textBaseline":0,"isVerticalText":false,"textureType":5},"initialState":{"affineTransform":[1,0,0,1,0,0],"masksToBounds":false,"rotation":0,"scale":1,"position":{"pointX":31.941009958583891,"pointY":13.576621035734888},"width":66,"sublayerTransform":[1,0,0,0,0,1,0,0,0,0,1,0,0,0,0,1],"contentsRect":{"y":0,"x":0,"width":1,"height":1},"opacity":1,"edgeAntialiasingMask":0,"height":31,"hidden":false,"anchorPoint":{"pointX":0.5,"pointY":0.5}},"texture":"52AC6CAE4BAE951F9886AC4E13F9B803"}]}]},{"animations":[],"initialState":{"affineTransform":[1,0,0,1,0,0],"masksToBounds":false,"rotation":0,"scale":1,"position":{"pointX":960,"pointY":540},"width":1920,"sublayerTransform":[1,0,0,0,0,1,0,0,0,0,1,0,0,0,0,1],"contentsRect":{"y":0,"x":0,"width":1,"height":1},"opacity":1,"edgeAntialiasingMask":251658240,"height":1080,"hidden":false,"anchorPoint":{"pointX":0.5,"pointY":0.5}},"layers":[{"animations":[],"initialState":{"affineTransform":[1,0,0,1,0,0],"masksToBounds":false,"rotation":0,"scale":1,"position":{"pointX":1403.9556160370512,"pointY":947.42337900400162},"width":61,"sublayerTransform":[1,0,0,0,0,1,0,0,0,0,1,0,0,0,0,1],"contentsRect":{"y":0,"x":0,"width":1,"height":1},"opacity":0.71312099695205688,"edgeAntialiasingMask":251658240,"height":31,"hidden":false,"anchorPoint":{"pointX":0.5,"pointY":0.5}},"layers":[{"animations":[],"layers":[],"texturedRectangle":{"singleTextureOpacity":0.71312099695205688,"textXHeight":0,"shapePath":{"lineWidth":1,"flatness":0.59999999999999998,"lineCapStyle":0,"elements":[{"type":"MoveToPoint","points":[[1.4556160370511861,1.9233790040016174]]},{"type":"AddLine","points":[[59.475617686907754,1.9233790040016174]]},{"type":"AddLine","points":[[59.475617686907754,29.773378074169159]]},{"type":"AddLine","points":[[1.4556160370511861,29.773378074169159]]},{"type":"CloseSubpath"},{"type":"MoveToPoint","points":[[1.4556160370511861,1.9233790040016174]]}],"windingRule":0,"lineJoinStyle":0,"miterLimit":10},"isBackgroundTexture":true,"textBaseline":0,"isVerticalText":false,"textureType":5},"initialState":{"affineTransform":[1,0,0,1,0,0],"masksToBounds":false,"rotation":0,"scale":1,"position":{"pointX":29.044383962948814,"pointY":13.576620995998383},"width":61,"sublayerTransform":[1,0,0,0,0,1,0,0,0,0,1,0,0,0,0,1],"contentsRect":{"y":0,"x":0,"width":1,"height":1},"opacity":1,"edgeAntialiasingMask":0,"height":31,"hidden":false,"anchorPoint":{"pointX":0.5,"pointY":0.5}},"texture":"E673A9C41D87439AF962E2BCFCC59A26"}]}]},{"animations":[],"initialState":{"affineTransform":[1,0,0,1,0,0],"masksToBounds":false,"rotation":0,"scale":1,"position":{"pointX":960,"pointY":540},"width":1920,"sublayerTransform":[1,0,0,0,0,1,0,0,0,0,1,0,0,0,0,1],"contentsRect":{"y":0,"x":0,"width":1,"height":1},"opacity":1,"edgeAntialiasingMask":251658240,"height":1080,"hidden":false,"anchorPoint":{"pointX":0.5,"pointY":0.5}},"layers":[{"animations":[],"initialState":{"affineTransform":[1,0,0,1,0,0],"masksToBounds":false,"rotation":0,"scale":1,"position":{"pointX":394.92766694227885,"pointY":1059.0695471664276},"width":789,"sublayerTransform":[1,0,0,0,0,1,0,0,0,0,1,0,0,0,0,1],"contentsRect":{"y":0,"x":0,"width":1,"height":1},"opacity":1,"edgeAntialiasingMask":251658240,"height":20,"hidden":false,"anchorPoint":{"pointX":0.5,"pointY":0.5}},"layers":[{"animations":[],"layers":[],"texturedRectangle":{"singleTextureOpacity":1,"textXHeight":0.41839999999999999,"textBaseline":0.71947698543472138,"isBackgroundTexture":true,"isVerticalText":false,"textColor":[0.37036359310150146,0.37036353349685669,0.37036359310150146,1],"textureType":6},"initialState":{"affineTransform":[1,0,0,1,0,0],"masksToBounds":false,"rotation":0,"scale":1,"position":{"pointX":397.07233305772115,"pointY":17.930452833572417},"width":789,"sublayerTransform":[1,0,0,0,0,1,0,0,0,0,1,0,0,0,0,1],"contentsRect":{"y":0,"x":0,"width":1,"height":1},"opacity":1,"edgeAntialiasingMask":0,"height":20,"hidden":false,"anchorPoint":{"pointX":0.5,"pointY":0.5}},"texture":"0CF9063BADB8F4AE51457BDCE49B8115"}]}]}]}},{"effects":[{"beginTime":0,"baseLayer":{"animations":[],"initialState":{"affineTransform":[1,0,0,1,0,0],"masksToBounds":false,"rotation":0,"scale":1,"position":{"pointX":960,"pointY":540},"width":1920,"sublayerTransform":[1,0,0,0,0,1,0,0,0,0,1,0,0,0,0,1],"contentsRect":{"y":0,"x":0,"width":1,"height":1},"opacity":1,"edgeAntialiasingMask":251658240,"height":1080,"hidden":false,"anchorPoint":{"pointX":0.5,"pointY":0.5}},"objectID":"0","layers":[{"animations":[],"initialState":{"affineTransform":[1,0,0,1,0,0],"masksToBounds":false,"rotation":0,"scale":1,"position":{"pointX":960,"pointY":540},"width":1920,"sublayerTransform":[1,0,0,0,0,1,0,0,0,0,1,-0.00035007912466775983,0,0,0,1],"contentsRect":{"y":0,"x":0,"width":1,"height":1},"opacity":1,"edgeAntialiasingMask":251658240,"height":1080,"hidden":false,"anchorPoint":{"pointX":0.5,"pointY":0.5}},"layers":[{"animations":[],"layers":[],"texturedRectangle":{"isBackgroundTexture":false,"singleTextureOpacity":1,"textureType":0,"textBaseline":0,"textXHeight":0,"isVerticalText":false},"initialState":{"affineTransform":[1,0,0,1,0,0],"masksToBounds":false,"rotation":0,"scale":1,"position":{"pointX":960,"pointY":540},"width":1920,"sublayerTransform":[1,0,0,0,0,1,0,0,0,0,1,0,0,0,0,1],"contentsRect":{"y":0,"x":0,"width":1,"height":1},"opacity":1,"edgeAntialiasingMask":0,"height":1080,"hidden":false,"anchorPoint":{"pointX":0.5,"pointY":0.5}},"texture":"42F6A162C8E541D815ADF6C3954FF3A5"},{"animations":[{"additive":false,"timeOffset":0,"beginTime":0,"from":{"scalar":false},"repeatCount":0,"fillMode":"both","duration":0.01,"autoreverses":false,"property":"hidden","to":{"scalar":true},"removedOnCompletion":false}],"layers":[],"texturedRectangle":{"isBackgroundTexture":false,"singleTextureOpacity":1,"textureType":0,"textBaseline":0,"textXHeight":0,"isVerticalText":false},"initialState":{"affineTransform":[1,0,0,1,0,0],"masksToBounds":false,"rotation":0,"scale":1,"position":{"pointX":960,"pointY":540},"width":1920,"sublayerTransform":[1,0,0,0,0,1,0,0,0,0,1,0,0,0,0,1],"contentsRect":{"y":0,"x":0,"width":1,"height":1},"opacity":1,"edgeAntialiasingMask":0,"height":1080,"hidden":false,"anchorPoint":{"pointX":0.5,"pointY":0.5}},"texture":"75E83715A1C4A51230812878653B31BE"}]}]},"effects":[],"duration":0.01,"type":"transition","attributes":{"direction":0},"name":"none","objectID":"0"}],"automaticPlay":false,"hyperlinks":[],"accessibility":[{"text":"equation.pdf","targetRectangle":{"y":422.78442382812489,"x":1721.2740949392305,"width":30.015098389262675,"height":25.536142799999993}},{"text":"equation.pdf","targetRectangle":{"y":422.81319173177025,"x":618.93405791123746,"width":24.049188382072202,"height":20.241899999999987}},{"text":"equation.pdf","targetRectangle":{"y":545.62123616536405,"x":1043.0523135264718,"width":27.686631549560389,"height":21.274651800000015}},{"text":"equation.pdf","targetRectangle":{"y":410.92882341638881,"x":418.44912803989882,"width":21.266351508860055,"height":15.623989601485391}},{"text":"equation.pdf","targetRectangle":{"y":422.81319173177025,"x":688.63584013779996,"width":24.049188382072202,"height":20.241899999999987}},{"text":"equation.pdf","targetRectangle":{"y":545.59246826171864,"x":1369.7896589040743,"width":23.231338684184038,"height":22.733998644947974}},{"text":"equation.pdf","targetRectangle":{"y":422.81319173177025,"x":759.32761259873746,"width":24.049188382072202,"height":20.241899999999987}},{"text":"equation.pdf","targetRectangle":{"y":413.07672842015972,"x":304.42200858038075,"width":10.695382596015918,"height":10.695382596015918}},{"text":"equation.pdf","targetRectangle":{"y":545.59246826171864,"x":1440.481492400168,"width":23.231338684184038,"height":22.733998644947974}},{"text":"equation.pdf","targetRectangle":{"y":415.57070540117746,"x":365.97603268405237,"width":9.1674707965850644,"height":7.9851580946445324}},{"text":"equation.pdf","targetRectangle":{"y":422.81319173177025,"x":829.98419829209683,"width":24.049188382072202,"height":20.241899999999987}},{"text":"equation.pdf","targetRectangle":{"y":313.55538940429676,"x":1369.2443708181368,"width":23.648041971180646,"height":19.007280085830701}},{"text":"equation.pdf","targetRectangle":{"y":471.90712528848462,"x":185.37731329780073,"width":19.394380925550422,"height":16.541282277195478}},{"text":"equation.pdf","targetRectangle":{"y":545.59246826171864,"x":1509.9364484548555,"width":23.231338684184038,"height":22.733998644947974}},{"text":"equation.pdf","targetRectangle":{"y":422.81319173177025,"x":1040.9301211436593,"width":29.146352815210548,"height":21.274651800000015}},{"text":"equation.pdf","targetRectangle":{"y":342.89678408730634,"x":362.48549745476402,"width":18.722827310848174,"height":19.085437317509673}},{"text":"J'aime le café le matin","targetRectangle":{"y":723.19230218728353,"x":647.11182844638768,"width":414.06738281250011,"height":35}},{"text":"I love coffee in the morning when I wake up.","targetRectangle":{"y":900.95258716742205,"x":746.14718627929688,"width":792.12890625,"height":35}},{"text":"output","targetRectangle":{"y":935.92337900400162,"x":1377.9556160370512,"width":49.019999999999982,"height":19.849999696016312}},{"text":"equation.pdf","targetRectangle":{"y":528.32266578075303,"x":363.51767931837702,"width":18.128760651688538,"height":17.471125743706239}},{"text":"Decoder network","targetRectangle":{"y":186.47676654656749,"x":1430.9723751611705,"width":135.53600000000006,"height":21.839999675750732}},{"text":"equation.pdf","targetRectangle":{"y":545.59246826171864,"x":1299.097947478293,"width":23.231338684184038,"height":22.733998644947974}},{"text":"equation.pdf","targetRectangle":{"y":545.62123616536405,"x":689.44577666123746,"width":22.589467116422156,"height":20.241899999999987}},{"text":"equation.pdf","targetRectangle":{"y":545.62123616536405,"x":760.13754912217496,"width":22.589467116422156,"height":20.241899999999987}},{"text":"equation.pdf","targetRectangle":{"y":545.62123616536405,"x":829.59247465928433,"width":22.589467116422156,"height":20.241899999999987}},{"text":"Traditional RNN cell (single)","targetRectangle":{"y":190.15188685054216,"x":96.685796313576603,"width":176.68299999999999,"height":16.86999973654747}},{"text":"More common variants: LSTM, GRU","targetRectangle":{"y":207.15188685054216,"x":96.685796313576603,"width":147.48500000000001,"height":33.86999973654747}},{"text":"equation.pdf","targetRectangle":{"y":413.83085878661547,"x":190.16604599916872,"width":10.076942105770115,"height":10.076942105770115}},{"text":"equation.pdf","targetRectangle":{"y":346.32930181706115,"x":424.59394661722655,"width":10.076942105770115,"height":10.076942105770115}},{"text":"equation.pdf","targetRectangle":{"y":413.07672842015972,"x":236.60609838027443,"width":10.695382596015918,"height":10.695382596015918}},{"text":"equation.pdf","targetRectangle":{"y":591.16843335086196,"x":297.40544355978136,"width":27.262921044898633,"height":23.518928175988663}},{"text":"equation.pdf","targetRectangle":{"y":545.62123616536405,"x":618.75400420029996,"width":22.589467116422156,"height":20.241899999999987}},{"text":"equation.pdf","targetRectangle":{"y":295.62025428816497,"x":423.97956801640146,"width":10.695382596015918,"height":10.695382596015918}},{"text":"equation.pdf","targetRectangle":{"y":315.31137084960926,"x":1439.9362043142305,"width":23.648041971180646,"height":19.007280085830701}},{"text":"equation.pdf","targetRectangle":{"y":552.60292561848905,"x":938.17548247178433,"width":15.619999068975403,"height":2.7939998334645679}},{"text":"equation.pdf","targetRectangle":{"y":428.93880208333275,"x":937.22833891709683,"width":15.619999068975403,"height":2.7939998334646248}},{"text":"equation.pdf","targetRectangle":{"y":552.57415771484364,"x":1618.5194562673555,"width":15.619999068975403,"height":2.7939998334645679}},{"text":"equation.pdf","targetRectangle":{"y":428.91003417968739,"x":1617.572312712668,"width":15.619999068975403,"height":2.7939998334646248}},{"text":"equation.pdf","targetRectangle":{"y":323.21456909179676,"x":1617.572312712668,"width":15.619999068975403,"height":2.7939998334646248}},{"text":"seq2seq was introduced by Sutsqever et al., Sequence to Sequence Learning with Neural Networks (2014)","targetRectangle":{"y":1053.0695471664276,"x":4.4276669422788473,"width":786.38400000000013,"height":21.839999675750732}},{"text":"Neural Machine Translation (NMT)","targetRectangle":{"y":729.2723022500669,"x":175.73218587589227,"width":266.97599999999989,"height":21.839999675750732}},{"text":"Sequence to sequence modeling","targetRectangle":{"y":4.0000000000000071,"x":40,"width":1035.5800000000002,"height":84}},{"text":"Neural text generation","targetRectangle":{"y":907.03258661429095,"x":221.25218432617197,"width":175.93599999999998,"height":21.839999675750732}},{"text":"I love coffee in the morning","targetRectangle":{"y":723.19230218728353,"x":1247.8511167764661,"width":504.08203125,"height":35}},{"text":"bottleneck","targetRectangle":{"y":420.59005588293155,"x":1141.5473308563226,"width":79.170000000000073,"height":19.849999696016312}},{"text":"prompt","targetRectangle":{"y":935.92337896426511,"x":1006.5589900414161,"width":54.480000000000018,"height":19.849999696016312}},{"text":"equation.pdf","targetRectangle":{"y":255.63966392840803,"x":418.75522023566708,"width":22.152447668415448,"height":12.500319356224509}},{"text":"equation.pdf","targetRectangle":{"y":314.55538940429676,"x":1299.5427106618868,"width":23.648041971180646,"height":19.007280085830701}},{"text":"equation.pdf","targetRectangle":{"y":410.93824560914925,"x":113.98309949685957,"width":36.570025228516542,"height":15.623989601485391}},{"text":"equation.pdf","targetRectangle":{"y":472.83282345941802,"x":235.42922777474433,"width":14.210394463195769,"height":17.08696506270644}},{"text":"equation.pdf","targetRectangle":{"y":422.78442382812489,"x":1299.2780011892305,"width":24.859810586309095,"height":22.733998644948031}},{"text":"Encoder network","targetRectangle":{"y":186.47676642735837,"x":773.2747674118674,"width":133.85599999999999,"height":21.839999675750732}},{"text":"equation.pdf","targetRectangle":{"y":314.17556762695301,"x":1231.0193952321993,"width":23.648041971180646,"height":19.007280085830701}},{"text":"equation.pdf","targetRectangle":{"y":545.59246826171864,"x":1723.396287322043,"width":28.386626390072934,"height":25.536142799999993}},{"text":"equation.pdf","targetRectangle":{"y":422.60518391927025,"x":550.28739043076871,"width":24.049188382072202,"height":20.241899999999987}},{"text":"equation.pdf","targetRectangle":{"y":200.79321448683504,"x":420.03993330346685,"width":24.848314254659556,"height":18.140233973025829}},{"text":"equation.pdf","targetRectangle":{"y":294.34461200597354,"x":361.65027814259196,"width":13.538840848493521,"height":19.631120103020635}},{"text":"equation.pdf","targetRectangle":{"y":422.78442382812489,"x":1368.9797223806368,"width":24.859810586309095,"height":22.733998644948031}},{"text":"equation.pdf","targetRectangle":{"y":314.31137084960926,"x":1507.5929425954805,"width":23.648041971180646,"height":19.007280085830701}},{"text":"equation.pdf","targetRectangle":{"y":422.78442382812489,"x":1439.6715558767305,"width":24.859810586309095,"height":22.733998644948031}},{"text":"equation.pdf","targetRectangle":{"y":482.60721907599202,"x":362.68452514435904,"width":12.944774189333884,"height":18.016808529217258}},{"text":"equation.pdf","targetRectangle":{"y":529.43606564787706,"x":305.02031782494464,"width":10.076942105770115,"height":10.076942105770058}},{"text":"equation.pdf","targetRectangle":{"y":422.78442382812489,"x":1510.328172087668,"width":24.859810586309095,"height":22.733998644948031}},{"text":"equation.pdf","targetRectangle":{"y":484.32286485298448,"x":304.11514195780472,"width":10.695382596015918,"height":10.695382596015918}},{"text":"equation.pdf","targetRectangle":{"y":315.31137084960926,"x":1720.7032941579805,"width":28.469833304473241,"height":19.436482746355807}}],"baseLayer":{"animations":[],"initialState":{"affineTransform":[1,0,0,1,0,0],"masksToBounds":false,"rotation":0,"scale":1,"position":{"pointX":960,"pointY":540},"width":1920,"sublayerTransform":[1,0,0,0,0,1,0,0,0,0,1,0,0,0,0,1],"contentsRect":{"y":0,"x":0,"width":1,"height":1},"opacity":1,"edgeAntialiasingMask":251658240,"height":1080,"hidden":false,"anchorPoint":{"pointX":0.5,"pointY":0.5}},"objectID":"0","layers":[{"animations":[],"initialState":{"affineTransform":[1,0,0,1,0,0],"masksToBounds":false,"rotation":0,"scale":1,"position":{"pointX":960,"pointY":540},"width":1920,"sublayerTransform":[1,0,0,0,0,1,0,0,0,0,1,-0.00035007912466775983,0,0,0,1],"contentsRect":{"y":0,"x":0,"width":1,"height":1},"opacity":1,"edgeAntialiasingMask":251658240,"height":1080,"hidden":false,"anchorPoint":{"pointX":0.5,"pointY":0.5}},"layers":[{"animations":[],"layers":[],"texturedRectangle":{"isBackgroundTexture":false,"singleTextureOpacity":1,"textureType":0,"textBaseline":0,"textXHeight":0,"isVerticalText":false},"initialState":{"affineTransform":[1,0,0,1,0,0],"masksToBounds":false,"rotation":0,"scale":1,"position":{"pointX":960,"pointY":540},"width":1920,"sublayerTransform":[1,0,0,0,0,1,0,0,0,0,1,0,0,0,0,1],"contentsRect":{"y":0,"x":0,"width":1,"height":1},"opacity":1,"edgeAntialiasingMask":0,"height":1080,"hidden":false,"anchorPoint":{"pointX":0.5,"pointY":0.5}},"texture":"75E83715A1C4A51230812878653B31BE"}]}]}}]}