{"assets":{"BC77172F4C24F3283DF7368E5D3650E5":{"type":"texture","index":22,"assetRequest":{"type":"slide","state":"contents","slide":"none"},"url":{"native":"assets\/D51B51DC-A163-466D-A697-AEED3DB77740.pdf"},"width":404,"height":463},"C25C25FF361FB24FC35F6B120D2F252D":{"type":"texture","index":0,"assetRequest":{"type":"slide","state":"contents","slide":"none"},"url":{"native":"assets\/D51B51DC-A163-466D-A697-AEED3DB77740.pdf"},"width":1920,"height":1080},"165A969817F845C38E0A2291E531EFEE":{"type":"texture","index":23,"assetRequest":{"type":"slide","state":"contents","slide":"none"},"url":{"native":"assets\/D51B51DC-A163-466D-A697-AEED3DB77740.pdf"},"width":1920,"height":1080},"64736939ECF31AFA29619F1C0F570597":{"type":"texture","index":4,"assetRequest":{"type":"slide","state":"contents","slide":"none"},"url":{"native":"assets\/D51B51DC-A163-466D-A697-AEED3DB77740.pdf"},"width":624,"height":463},"86E6C057E54C0DE6689F26FABC551F08":{"type":"texture","index":24,"assetRequest":{"type":"slide","state":"contents","slide":"none"},"url":{"native":"assets\/D51B51DC-A163-466D-A697-AEED3DB77740.pdf"},"width":1920,"height":1080},"F216DB7517DC0B23363835A705B3AF91":{"type":"texture","index":13,"assetRequest":{"type":"slide","state":"contents","slide":"none"},"url":{"native":"assets\/D51B51DC-A163-466D-A697-AEED3DB77740.pdf"},"width":121,"height":12},"CF3B60BAF51A0B613EB32C0DD1FE2785":{"type":"texture","index":12,"assetRequest":{"type":"slide","state":"contents","slide":"none"},"url":{"native":"assets\/D51B51DC-A163-466D-A697-AEED3DB77740.pdf"},"width":503,"height":29},"07E1F861F557B6662B233595C72B2D18":{"type":"texture","index":3,"assetRequest":{"type":"slide","state":"contents","slide":"none"},"url":{"native":"assets\/D51B51DC-A163-466D-A697-AEED3DB77740.pdf"},"width":529,"height":209},"1AA72DA4CF5D6329BEB86DC27C1D7478":{"type":"texture","index":14,"assetRequest":{"type":"slide","state":"contents","slide":"none"},"url":{"native":"assets\/D51B51DC-A163-466D-A697-AEED3DB77740.pdf"},"width":530,"height":320},"0CF9063BADB8F4AE51457BDCE49B8115":{"type":"texture","index":20,"assetRequest":{"type":"slide","state":"contents","slide":"none"},"url":{"native":"assets\/D51B51DC-A163-466D-A697-AEED3DB77740.pdf"},"width":789,"height":20},"0921974E388DF18FD7BB3344B5C22AD5":{"type":"texture","index":16,"assetRequest":{"type":"slide","state":"contents","slide":"none"},"url":{"native":"assets\/D51B51DC-A163-466D-A697-AEED3DB77740.pdf"},"width":178,"height":19},"57259D5C6912C2F5FEF3A5E30C96D268":{"type":"texture","index":21,"assetRequest":{"type":"slide","state":"contents","slide":"none"},"url":{"native":"assets\/D51B51DC-A163-466D-A697-AEED3DB77740.pdf"},"width":16,"height":19},"3C9FFC2939AF8DB95065855CAF4B55E2":{"type":"texture","index":11,"assetRequest":{"type":"slide","state":"contents","slide":"none"},"url":{"native":"assets\/D51B51DC-A163-466D-A697-AEED3DB77740.pdf"},"width":1706,"height":156},"5FB1FA085CCA982AF1178DD224C14854":{"type":"texture","index":6,"assetRequest":{"type":"slide","state":"contents","slide":"none"},"url":{"native":"assets\/D51B51DC-A163-466D-A697-AEED3DB77740.pdf"},"width":137,"height":16},"5ACCD35F302E661828308090938C657D":{"type":"texture","index":17,"assetRequest":{"type":"slide","state":"contents","slide":"none"},"url":{"native":"assets\/D51B51DC-A163-466D-A697-AEED3DB77740.pdf"},"width":1706,"height":156},"34EAF03FA494F666B3647B078A234A82":{"type":"texture","index":10,"assetRequest":{"type":"slide","state":"contents","slide":"none"},"url":{"native":"assets\/D51B51DC-A163-466D-A697-AEED3DB77740.pdf"},"width":269,"height":19},"1CA3EB23AF7FE5F54532633AE3CD5A01":{"type":"texture","index":7,"assetRequest":{"type":"slide","state":"contents","slide":"none"},"url":{"native":"assets\/D51B51DC-A163-466D-A697-AEED3DB77740.pdf"},"width":138,"height":16},"C970C757B7EFF609DD5151375DE3E899":{"type":"texture","index":8,"assetRequest":{"type":"slide","state":"contents","slide":"none"},"url":{"native":"assets\/D51B51DC-A163-466D-A697-AEED3DB77740.pdf"},"width":91,"height":31},"3A4564520A48E5EB14B90BF612242FC5":{"type":"texture","index":9,"assetRequest":{"type":"slide","state":"contents","slide":"none"},"url":{"native":"assets\/D51B51DC-A163-466D-A697-AEED3DB77740.pdf"},"width":414,"height":24},"52AC6CAE4BAE951F9886AC4E13F9B803":{"type":"texture","index":18,"assetRequest":{"type":"slide","state":"contents","slide":"none"},"url":{"native":"assets\/D51B51DC-A163-466D-A697-AEED3DB77740.pdf"},"width":66,"height":31},"2EE92B5438FC404611051D6D9F604132":{"type":"texture","index":5,"assetRequest":{"type":"slide","state":"contents","slide":"none"},"url":{"native":"assets\/D51B51DC-A163-466D-A697-AEED3DB77740.pdf"},"width":651,"height":463},"C6F01F9AAD415B3A1322F3194FC7005A":{"type":"texture","index":15,"assetRequest":{"type":"slide","state":"contents","slide":"none"},"url":{"native":"assets\/D51B51DC-A163-466D-A697-AEED3DB77740.pdf"},"width":786,"height":29},"8B0FB55B577D6623D285186C70BF5051":{"type":"texture","index":1,"assetRequest":{"type":"slide","state":"contents","slide":"none"},"url":{"native":"assets\/D51B51DC-A163-466D-A697-AEED3DB77740.pdf"},"width":1033,"height":67},"20604044E341778D65D4A39E2904B863":{"type":"texture","index":2,"assetRequest":{"type":"slide","state":"contents","slide":"none"},"url":{"native":"assets\/D51B51DC-A163-466D-A697-AEED3DB77740.pdf"},"width":218,"height":13},"E673A9C41D87439AF962E2BCFCC59A26":{"type":"texture","index":19,"assetRequest":{"type":"slide","state":"contents","slide":"none"},"url":{"native":"assets\/D51B51DC-A163-466D-A697-AEED3DB77740.pdf"},"width":61,"height":31}},"events":[{"effects":[{"beginTime":0,"baseLayer":{"animations":[],"initialState":{"affineTransform":[1,0,0,1,0,0],"masksToBounds":false,"rotation":0,"scale":1,"position":{"pointX":1182.5473252534866,"pointY":432.09004563093185},"width":91,"sublayerTransform":[1,0,0,0,0,1,0,0,0,0,1,0,0,0,0,1],"contentsRect":{"y":0,"x":0,"width":1,"height":1},"opacity":0.71312099695205688,"edgeAntialiasingMask":251658240,"height":31,"hidden":false,"anchorPoint":{"pointX":0.5,"pointY":0.5}},"objectID":"C308A0F3-72B2-4F38-BE64-59B5D67897D3","layers":[{"animations":[],"initialState":{"affineTransform":[1,0,0,1,0,0],"masksToBounds":false,"rotation":0,"scale":1,"position":{"pointX":-177.04732525348663,"pointY":123.40995436906815},"width":91,"sublayerTransform":[1,0,0,0,0,1,0,0,0,0,1,-0.00035007912466775983,0,0,0,1],"contentsRect":{"y":0,"x":0,"width":1,"height":1},"opacity":1,"edgeAntialiasingMask":251658240,"height":31,"hidden":false,"anchorPoint":{"pointX":-1.9455750027855674,"pointY":3.9809662699699402}},"layers":[{"animations":[{"additive":false,"timeOffset":0,"beginTime":1e-100,"repeatCount":0,"fillMode":"both","duration":0.01,"autoreverses":false,"animations":[{"additive":false,"timeOffset":0,"beginTime":0,"from":{"scalar":true},"repeatCount":0,"fillMode":"both","duration":0.0001,"autoreverses":false,"property":"hidden","to":{"scalar":false},"removedOnCompletion":true},{"additive":false,"timeOffset":0,"beginTime":0.0001,"from":{"scalar":false},"repeatCount":0,"fillMode":"forwards","duration":0.0099000000000000008,"autoreverses":false,"property":"hidden","to":{"scalar":false},"removedOnCompletion":true}],"removedOnCompletion":false}],"layers":[],"texturedRectangle":{"singleTextureOpacity":0.71312099695205688,"textXHeight":0,"shapePath":{"lineWidth":1,"flatness":0.59999999999999998,"lineCapStyle":0,"elements":[{"type":"MoveToPoint","points":[[1.0473252534866333,1.5900456309318542]]},{"type":"AddLine","points":[[89.217323184013367,1.5900456309318542]]},{"type":"AddLine","points":[[89.217323184013367,29.440044701099396]]},{"type":"AddLine","points":[[1.0473252534866333,29.440044701099396]]},{"type":"CloseSubpath"},{"type":"MoveToPoint","points":[[1.0473252534866333,1.5900456309318542]]}],"windingRule":0,"lineJoinStyle":0,"miterLimit":10},"isBackgroundTexture":true,"textBaseline":0,"isVerticalText":false,"textureType":5},"initialState":{"affineTransform":[1,0,0,1,0,0],"masksToBounds":false,"rotation":0,"scale":1,"position":{"pointX":44.452674746513367,"pointY":13.909954369068146},"width":91,"sublayerTransform":[1,0,0,0,0,1,0,0,0,0,1,0,0,0,0,1],"contentsRect":{"y":0,"x":0,"width":1,"height":1},"opacity":1,"edgeAntialiasingMask":0,"height":31,"hidden":true,"anchorPoint":{"pointX":0.5,"pointY":0.5}},"texture":"C970C757B7EFF609DD5151375DE3E899"}]}]},"effects":[],"duration":0.01,"type":"buildIn","attributes":{"direction":0},"name":"apple:bc-appear","objectID":"C308A0F3-72B2-4F38-BE64-59B5D67897D3"}],"automaticPlay":false,"hyperlinks":[],"accessibility":[{"text":"Traditional RNN cell (single)","targetRectangle":{"y":185.29463806748385,"x":96.809835164501848,"width":217.45600000000002,"height":21.839999675750732}},{"text":"More common variants: LSTM, GRU","targetRectangle":{"y":207.29463806748385,"x":96.809835164501848,"width":230.65600000000001,"height":43.839999675750732}},{"text":"equation.pdf","targetRectangle":{"y":484.3708283381078,"x":304.17350401575595,"width":11.144313747167587,"height":11.144313747167587}},{"text":"equation.pdf","targetRectangle":{"y":552.57415771484375,"x":1618.5194702148438,"width":15.619999068975403,"height":2.7939998334645679}},{"text":"￼","targetRectangle":{"y":1038.7800302505493,"x":1894.5419827170845,"width":12.980000000000018,"height":26}},{"text":"equation.pdf","targetRectangle":{"y":287.04329494704353,"x":417.54592664880431,"width":23.383828396225397,"height":13.852944666139365}},{"text":"equation.pdf","targetRectangle":{"y":211.83809849201589,"x":417.31174364236745,"width":24.528604493874752,"height":17.906833437091677}},{"text":"equation.pdf","targetRectangle":{"y":545.62124633789062,"x":1043.0523376464844,"width":27.686631549560389,"height":21.274651800000015}},{"text":"equation.pdf","targetRectangle":{"y":313.55538940429688,"x":1369.244384765625,"width":23.648041971180646,"height":19.007280085830701}},{"text":"equation.pdf","targetRectangle":{"y":428.9100341796875,"x":1617.5723266601562,"width":15.619999068975403,"height":2.7939998334646248}},{"text":"equation.pdf","targetRectangle":{"y":323.21456909179688,"x":1617.5723266601562,"width":15.619999068975403,"height":2.7939998334646248}},{"text":"equation.pdf","targetRectangle":{"y":552.60293579101562,"x":938.17550659179688,"width":15.619999068975403,"height":2.7939998334645679}},{"text":"equation.pdf","targetRectangle":{"y":545.62124633789062,"x":618.7540283203125,"width":22.589467116422156,"height":20.241899999999987}},{"text":"output","targetRectangle":{"y":935.92338913679123,"x":1377.9555753469467,"width":49.019999999999982,"height":19.849999696016312}},{"text":"I love coffee in the morning when I wake up.","targetRectangle":{"y":900.95257633924484,"x":746.147216796875,"width":792.12890625,"height":35}},{"text":"equation.pdf","targetRectangle":{"y":314.31137084960938,"x":1507.5929565429688,"width":23.648041971180646,"height":19.007280085830701}},{"text":"equation.pdf","targetRectangle":{"y":428.93881225585938,"x":937.22836303710938,"width":15.619999068975403,"height":2.7939998334646248}},{"text":"equation.pdf","targetRectangle":{"y":413.14682218411042,"x":304.48027529408716,"width":11.144313747167587,"height":11.144313747167587}},{"text":"equation.pdf","targetRectangle":{"y":415.64002449286193,"x":366.01517440497707,"width":9.552268926143654,"height":8.3203294813037019}},{"text":"equation.pdf","targetRectangle":{"y":422.784423828125,"x":1299.2780151367188,"width":24.859810586309095,"height":22.733998644948031}},{"text":"equation.pdf","targetRectangle":{"y":471.95894531646297,"x":185.47256750292047,"width":20.208446404425814,"height":17.235590949892412}},{"text":"equation.pdf","targetRectangle":{"y":545.59246826171875,"x":1723.3963012695312,"width":28.386626390072934,"height":25.536142799999993}},{"text":"equation.pdf","targetRectangle":{"y":356.63135180164102,"x":360.78934805742495,"width":19.508704799756686,"height":19.886535106042629}},{"text":"equation.pdf","targetRectangle":{"y":422.784423828125,"x":1368.979736328125,"width":24.859810586309095,"height":22.733998644948031}},{"text":"Neural Machine Translation (NMT)","targetRectangle":{"y":729.27232253551483,"x":175.7321843261719,"width":266.97599999999989,"height":21.839999675750732}},{"text":"equation.pdf","targetRectangle":{"y":422.784423828125,"x":1439.6715698242188,"width":24.859810586309095,"height":22.733998644948031}},{"text":"equation.pdf","targetRectangle":{"y":422.81320190429688,"x":1040.9301452636719,"width":29.146352815210548,"height":21.274651800000015}},{"text":"equation.pdf","targetRectangle":{"y":545.59246826171875,"x":1299.0979614257812,"width":23.231338684184038,"height":22.733998644947974}},{"text":"equation.pdf","targetRectangle":{"y":482.65571547028514,"x":362.72468954509793,"width":13.488121968251164,"height":18.773051377052639}},{"text":"equation.pdf","targetRectangle":{"y":410.99958435668077,"x":418.47196623583818,"width":22.158991634443282,"height":16.279795560216485}},{"text":"equation.pdf","targetRectangle":{"y":545.62124633789062,"x":689.44580078125,"width":22.589467116422156,"height":20.241899999999987}},{"text":"equation.pdf","targetRectangle":{"y":422.784423828125,"x":1510.3281860351562,"width":24.859810586309095,"height":22.733998644948031}},{"text":"equation.pdf","targetRectangle":{"y":315.31137084960938,"x":1720.7033081054688,"width":28.469833304473241,"height":19.436482746355807}},{"text":"equation.pdf","targetRectangle":{"y":545.62124633789062,"x":760.1375732421875,"width":22.589467116422156,"height":20.241899999999987}},{"text":"equation.pdf","targetRectangle":{"y":422.784423828125,"x":1721.2741088867188,"width":30.015098389262675,"height":25.536142799999993}},{"text":"Encoder network","targetRectangle":{"y":186.47675979137421,"x":773.27478930664063,"width":133.85599999999999,"height":21.839999675750732}},{"text":"equation.pdf","targetRectangle":{"y":545.62124633789062,"x":829.59249877929688,"width":22.589467116422156,"height":20.241899999999987}},{"text":"equation.pdf","targetRectangle":{"y":315.31137084960938,"x":1439.9362182617188,"width":23.648041971180646,"height":19.007280085830701}},{"text":"equation.pdf","targetRectangle":{"y":413.90071830466724,"x":190.25981233278566,"width":10.499914652943602,"height":10.49991465294363}},{"text":"equation.pdf","targetRectangle":{"y":358.57588488627761,"x":424.38649067585709,"width":10.49991465294363,"height":10.49991465294363}},{"text":"equation.pdf","targetRectangle":{"y":413.14682218411042,"x":236.68543567079448,"width":11.144313747167587,"height":11.144313747167587}},{"text":"equation.pdf","targetRectangle":{"y":545.59246826171875,"x":1440.4815063476562,"width":23.231338684184038,"height":22.733998644947974}},{"text":"equation.pdf","targetRectangle":{"y":324.03382333829722,"x":424.00068789048998,"width":11.144313747167587,"height":11.144313747167587}},{"text":"seq2seq was introduced by Sutsqever et al., Sequence to Sequence Learning with Neural Networks (2014)","targetRectangle":{"y":1053.0695027112961,"x":4.4276669323444366,"width":786.38400000000013,"height":21.839999675750732}},{"text":"Neural text generation","targetRectangle":{"y":907.03257644176483,"x":221.25218432617189,"width":175.93599999999995,"height":21.839999675750732}},{"text":"equation.pdf","targetRectangle":{"y":545.59246826171875,"x":1509.9364624023438,"width":23.231338684184038,"height":22.733998644947974}},{"text":"prompt","targetRectangle":{"y":935.92338913679123,"x":1006.5589493513107,"width":54.480000000000018,"height":19.849999696016312}},{"text":"equation.pdf","targetRectangle":{"y":528.35696216880081,"x":363.55758485598244,"width":18.889702611010989,"height":18.204463940972687}},{"text":"equation.pdf","targetRectangle":{"y":314.55538940429688,"x":1299.542724609375,"width":23.648041971180646,"height":19.007280085830701}},{"text":"equation.pdf","targetRectangle":{"y":314.17556762695312,"x":1231.0194091796875,"width":23.648041971180646,"height":19.007280085830701}},{"text":"I love coffee in the morning","targetRectangle":{"y":723.19232243299484,"x":1247.8511047363281,"width":504.08203125,"height":35}},{"text":"equation.pdf","targetRectangle":{"y":545.59246826171875,"x":1369.7896728515625,"width":23.231338684184038,"height":22.733998644947974}},{"text":"equation.pdf","targetRectangle":{"y":411.00900362274569,"x":114.1005360668773,"width":38.105026279306301,"height":16.279795560216485}},{"text":"equation.pdf","targetRectangle":{"y":422.81320190429688,"x":618.93408203125,"width":24.049188382072202,"height":20.241899999999987}},{"text":"J'aime le café le matin","targetRectangle":{"y":723.19232243299484,"x":647.11181640625,"width":414.0673828125,"height":35}},{"text":"equation.pdf","targetRectangle":{"y":250.33237279155082,"x":418.7155768240566,"width":23.02466552867827,"height":13.025011456574816}},{"text":"equation.pdf","targetRectangle":{"y":595.80897161469568,"x":300.08244611848215,"width":20.45322932620337,"height":17.64440540680846}},{"text":"equation.pdf","targetRectangle":{"y":422.81320190429688,"x":688.6358642578125,"width":24.049188382072202,"height":20.241899999999987}},{"text":"equation.pdf","targetRectangle":{"y":472.88435594957798,"x":235.50893072197275,"width":14.806865761665989,"height":17.804178385972364}},{"text":"Decoder network","targetRectangle":{"y":186.47675979137421,"x":1430.9723564453125,"width":135.53600000000006,"height":21.839999675750732}},{"text":"equation.pdf","targetRectangle":{"y":319.8002190855492,"x":363.38835259321218,"width":14.107124156996917,"height":20.455122542122581}},{"text":"equation.pdf","targetRectangle":{"y":422.81320190429688,"x":759.32763671875,"width":24.049188382072202,"height":20.241899999999987}},{"text":"Sequence to sequence modeling","targetRectangle":{"y":4.0000000000000071,"x":40,"width":1035.5800000000002,"height":84}},{"text":"equation.pdf","targetRectangle":{"y":422.81320190429688,"x":829.98422241210938,"width":24.049188382072202,"height":20.241899999999987}},{"text":"equation.pdf","targetRectangle":{"y":422.60519409179688,"x":550.28741455078125,"width":24.049188382072202,"height":20.241899999999987}},{"text":"equation.pdf","targetRectangle":{"y":529.47001619472212,"x":305.07839864243795,"width":10.49991465294363,"height":10.49991465294363}}],"baseLayer":{"animations":[],"initialState":{"affineTransform":[1,0,0,1,0,0],"masksToBounds":false,"rotation":0,"scale":1,"position":{"pointX":960,"pointY":540},"width":1920,"sublayerTransform":[1,0,0,0,0,1,0,0,0,0,1,0,0,0,0,1],"contentsRect":{"y":0,"x":0,"width":1,"height":1},"opacity":1,"edgeAntialiasingMask":251658240,"height":1080,"hidden":false,"anchorPoint":{"pointX":0.5,"pointY":0.5}},"layers":[{"animations":[],"initialState":{"affineTransform":[1,0,0,1,0,0],"masksToBounds":false,"rotation":0,"scale":1,"position":{"pointX":960,"pointY":540},"width":1920,"sublayerTransform":[1,0,0,0,0,1,0,0,0,0,1,0,0,0,0,1],"contentsRect":{"y":0,"x":0,"width":1,"height":1},"opacity":1,"edgeAntialiasingMask":251658240,"height":1080,"hidden":false,"anchorPoint":{"pointX":0.5,"pointY":0.5}},"layers":[{"animations":[],"initialState":{"affineTransform":[1,0,0,1,0,0],"masksToBounds":false,"rotation":0,"scale":1,"position":{"pointX":960,"pointY":540},"width":1920,"sublayerTransform":[1,0,0,0,0,1,0,0,0,0,1,0,0,0,0,1],"contentsRect":{"y":0,"x":0,"width":1,"height":1},"opacity":1,"edgeAntialiasingMask":251658240,"height":1080,"hidden":false,"anchorPoint":{"pointX":0.5,"pointY":0.5}},"layers":[{"animations":[],"layers":[],"texturedRectangle":{"isBackgroundTexture":true,"singleTextureOpacity":1,"textureType":1,"textBaseline":0,"textXHeight":0,"isVerticalText":false},"initialState":{"affineTransform":[1,0,0,1,0,0],"masksToBounds":false,"rotation":0,"scale":1,"position":{"pointX":960,"pointY":540},"width":1920,"sublayerTransform":[1,0,0,0,0,1,0,0,0,0,1,0,0,0,0,1],"contentsRect":{"y":0,"x":0,"width":1,"height":1},"opacity":1,"edgeAntialiasingMask":0,"height":1080,"hidden":false,"anchorPoint":{"pointX":0.5,"pointY":0.5}},"texture":"C25C25FF361FB24FC35F6B120D2F252D"}]}]},{"animations":[],"initialState":{"affineTransform":[1,0,0,1,0,0],"masksToBounds":false,"rotation":0,"scale":1,"position":{"pointX":960,"pointY":540},"width":1920,"sublayerTransform":[1,0,0,0,0,1,0,0,0,0,1,0,0,0,0,1],"contentsRect":{"y":0,"x":0,"width":1,"height":1},"opacity":1,"edgeAntialiasingMask":251658240,"height":1080,"hidden":false,"anchorPoint":{"pointX":0.5,"pointY":0.5}},"layers":[{"animations":[],"initialState":{"affineTransform":[1,0,0,1,0,0],"masksToBounds":false,"rotation":0,"scale":1,"position":{"pointX":516.5,"pointY":33.500000000000014},"width":1033,"sublayerTransform":[1,0,0,0,0,1,0,0,0,0,1,0,0,0,0,1],"contentsRect":{"y":0,"x":0,"width":1,"height":1},"opacity":1,"edgeAntialiasingMask":251658240,"height":67,"hidden":false,"anchorPoint":{"pointX":0.5,"pointY":0.5}},"layers":[{"animations":[],"layers":[],"texturedRectangle":{"singleTextureOpacity":1,"textXHeight":0.50462686567164183,"textBaseline":0.76567119715818732,"isBackgroundTexture":true,"isVerticalText":false,"textColor":[0,0.13333334028720856,0.31999999284744263,0.87000000476837158],"textureType":6},"initialState":{"affineTransform":[1,0,0,1,0,0],"masksToBounds":false,"rotation":0,"scale":1,"position":{"pointX":556.5,"pointY":55.499999999999986},"width":1033,"sublayerTransform":[1,0,0,0,0,1,0,0,0,0,1,0,0,0,0,1],"contentsRect":{"y":0,"x":0,"width":1,"height":1},"opacity":1,"edgeAntialiasingMask":0,"height":67,"hidden":false,"anchorPoint":{"pointX":0.5,"pointY":0.5}},"texture":"8B0FB55B577D6623D285186C70BF5051"}]}]},{"animations":[],"initialState":{"affineTransform":[1,0,0,1,0,0],"masksToBounds":false,"rotation":0,"scale":1,"position":{"pointX":960,"pointY":540},"width":1920,"sublayerTransform":[1,0,0,0,0,1,0,0,0,0,1,0,0,0,0,1],"contentsRect":{"y":0,"x":0,"width":1,"height":1},"opacity":1,"edgeAntialiasingMask":251658240,"height":1080,"hidden":false,"anchorPoint":{"pointX":0.5,"pointY":0.5}},"layers":[{"animations":[],"initialState":{"affineTransform":[1,0,0,1,0,0],"masksToBounds":false,"rotation":0,"scale":1,"position":{"pointX":1186.642333984375,"pointY":433.21504516601561},"width":218,"sublayerTransform":[1,0,0,0,0,1,0,0,0,0,1,0,0,0,0,1],"contentsRect":{"y":0,"x":0,"width":1,"height":1},"opacity":0.074774079024791718,"edgeAntialiasingMask":251658240,"height":13,"hidden":false,"anchorPoint":{"pointX":0.5,"pointY":0.5}},"layers":[{"animations":[],"layers":[],"texturedRectangle":{"singleTextureOpacity":0.074774079024791718,"textXHeight":0,"shapePath":{"lineWidth":1,"flatness":0.59999999999999998,"lineCapStyle":0,"elements":[{"type":"MoveToPoint","points":[[1.642333984375,6.515045166015625]]},{"type":"AddLine","points":[[207.02233199172269,6.515045166015625]]},{"type":"AddLine","points":[[208.02233199172269,6.515045166015625]]}],"windingRule":0,"lineJoinStyle":0,"miterLimit":10},"isBackgroundTexture":true,"textBaseline":0,"isVerticalText":false,"textureType":5},"initialState":{"affineTransform":[1,0,0,1,0,0],"masksToBounds":false,"rotation":0,"scale":1,"position":{"pointX":107.357666015625,"pointY":4.7849548339843864},"width":218,"sublayerTransform":[1,0,0,0,0,1,0,0,0,0,1,0,0,0,0,1],"contentsRect":{"y":0,"x":0,"width":1,"height":1},"opacity":1,"edgeAntialiasingMask":0,"height":13,"hidden":false,"anchorPoint":{"pointX":0.5,"pointY":0.5}},"texture":"20604044E341778D65D4A39E2904B863"}]}]},{"animations":[],"initialState":{"affineTransform":[1,0,0,1,0,0],"masksToBounds":false,"rotation":0,"scale":1,"position":{"pointX":960,"pointY":540},"width":1920,"sublayerTransform":[1,0,0,0,0,1,0,0,0,0,1,0,0,0,0,1],"contentsRect":{"y":0,"x":0,"width":1,"height":1},"opacity":1,"edgeAntialiasingMask":251658240,"height":1080,"hidden":false,"anchorPoint":{"pointX":0.5,"pointY":0.5}},"layers":[{"animations":[],"initialState":{"affineTransform":[1,0,0,1,0,0],"masksToBounds":false,"rotation":0,"scale":1,"position":{"pointX":810.11083984375,"pointY":493.59835815429688},"width":529,"sublayerTransform":[1,0,0,0,0,1,0,0,0,0,1,0,0,0,0,1],"contentsRect":{"y":0,"x":0,"width":1,"height":1},"opacity":1,"edgeAntialiasingMask":251658240,"height":209,"hidden":false,"anchorPoint":{"pointX":0.5,"pointY":0.5}},"layers":[{"animations":[],"layers":[],"texturedRectangle":{"isBackgroundTexture":true,"singleTextureOpacity":1,"textureType":5,"textBaseline":0,"textXHeight":0,"isVerticalText":false},"initialState":{"affineTransform":[1,0,0,1,0,0],"masksToBounds":false,"rotation":0,"scale":1,"position":{"pointX":262.88916015625,"pointY":103.40164184570312},"width":529,"sublayerTransform":[1,0,0,0,0,1,0,0,0,0,1,0,0,0,0,1],"contentsRect":{"y":0,"x":0,"width":1,"height":1},"opacity":1,"edgeAntialiasingMask":0,"height":209,"hidden":false,"anchorPoint":{"pointX":0.5,"pointY":0.5}},"texture":"07E1F861F557B6662B233595C72B2D18"}]}]},{"animations":[],"initialState":{"affineTransform":[1,0,0,1,0,0],"masksToBounds":false,"rotation":0,"scale":1,"position":{"pointX":960,"pointY":540},"width":1920,"sublayerTransform":[1,0,0,0,0,1,0,0,0,0,1,0,0,0,0,1],"contentsRect":{"y":0,"x":0,"width":1,"height":1},"opacity":1,"edgeAntialiasingMask":251658240,"height":1080,"hidden":false,"anchorPoint":{"pointX":0.5,"pointY":0.5}},"layers":[{"animations":[],"initialState":{"affineTransform":[1,0,0,1,0,0],"masksToBounds":false,"rotation":0,"scale":1,"position":{"pointX":1500.3916015625,"pointY":411.17793273925781},"width":624,"sublayerTransform":[1,0,0,0,0,1,0,0,0,0,1,0,0,0,0,1],"contentsRect":{"y":0,"x":0,"width":1,"height":1},"opacity":0.17543740570545197,"edgeAntialiasingMask":251658240,"height":463,"hidden":false,"anchorPoint":{"pointX":0.5,"pointY":0.5}},"layers":[{"animations":[],"layers":[],"texturedRectangle":{"singleTextureOpacity":0.17543740570545197,"textXHeight":0,"shapePath":{"lineWidth":1,"flatness":0.59999999999999998,"lineCapStyle":0,"elements":[{"type":"MoveToPoint","points":[[1.8916015625,2.1779327392578125]]},{"type":"AddLine","points":[[621.58917236328125,2.1779327392578125]]},{"type":"AddLine","points":[[621.58917236328125,460.65541076660156]]},{"type":"AddLine","points":[[1.8916015625,460.65541076660156]]},{"type":"CloseSubpath"},{"type":"MoveToPoint","points":[[1.8916015625,2.1779327392578125]]}],"windingRule":0,"lineJoinStyle":0,"miterLimit":10},"isBackgroundTexture":true,"textBaseline":0,"isVerticalText":false,"textureType":5},"initialState":{"affineTransform":[1,0,0,1,0,0],"masksToBounds":false,"rotation":0,"scale":1,"position":{"pointX":310.6083984375,"pointY":229.82206726074219},"width":624,"sublayerTransform":[1,0,0,0,0,1,0,0,0,0,1,0,0,0,0,1],"contentsRect":{"y":0,"x":0,"width":1,"height":1},"opacity":1,"edgeAntialiasingMask":0,"height":463,"hidden":false,"anchorPoint":{"pointX":0.5,"pointY":0.5}},"texture":"64736939ECF31AFA29619F1C0F570597"}]}]},{"animations":[],"initialState":{"affineTransform":[1,0,0,1,0,0],"masksToBounds":false,"rotation":0,"scale":1,"position":{"pointX":960,"pointY":540},"width":1920,"sublayerTransform":[1,0,0,0,0,1,0,0,0,0,1,0,0,0,0,1],"contentsRect":{"y":0,"x":0,"width":1,"height":1},"opacity":1,"edgeAntialiasingMask":251658240,"height":1080,"hidden":false,"anchorPoint":{"pointX":0.5,"pointY":0.5}},"layers":[{"animations":[],"initialState":{"affineTransform":[1,0,0,1,0,0],"masksToBounds":false,"rotation":0,"scale":1,"position":{"pointX":841.62994384765636,"pointY":411.17793273925781},"width":651,"sublayerTransform":[1,0,0,0,0,1,0,0,0,0,1,0,0,0,0,1],"contentsRect":{"y":0,"x":0,"width":1,"height":1},"opacity":0.17543740570545197,"edgeAntialiasingMask":251658240,"height":463,"hidden":false,"anchorPoint":{"pointX":0.5,"pointY":0.5}},"layers":[{"animations":[],"layers":[],"texturedRectangle":{"singleTextureOpacity":0.17543740570545197,"textXHeight":0,"shapePath":{"lineWidth":1,"flatness":0.59999999999999998,"lineCapStyle":0,"elements":[{"type":"MoveToPoint","points":[[1.6299438476563637,2.1779327392578125]]},{"type":"AddLine","points":[[648.775634765625,2.1779327392578125]]},{"type":"AddLine","points":[[648.775634765625,460.65541076660156]]},{"type":"AddLine","points":[[1.6299438476563637,460.65541076660156]]},{"type":"CloseSubpath"},{"type":"MoveToPoint","points":[[1.6299438476563637,2.1779327392578125]]}],"windingRule":0,"lineJoinStyle":0,"miterLimit":10},"isBackgroundTexture":true,"textBaseline":0,"isVerticalText":false,"textureType":5},"initialState":{"affineTransform":[1,0,0,1,0,0],"masksToBounds":false,"rotation":0,"scale":1,"position":{"pointX":324.37005615234364,"pointY":229.82206726074219},"width":651,"sublayerTransform":[1,0,0,0,0,1,0,0,0,0,1,0,0,0,0,1],"contentsRect":{"y":0,"x":0,"width":1,"height":1},"opacity":1,"edgeAntialiasingMask":0,"height":463,"hidden":false,"anchorPoint":{"pointX":0.5,"pointY":0.5}},"texture":"2EE92B5438FC404611051D6D9F604132"}]}]},{"animations":[],"initialState":{"affineTransform":[1,0,0,1,0,0],"masksToBounds":false,"rotation":0,"scale":1,"position":{"pointX":960,"pointY":540},"width":1920,"sublayerTransform":[1,0,0,0,0,1,0,0,0,0,1,0,0,0,0,1],"contentsRect":{"y":0,"x":0,"width":1,"height":1},"opacity":1,"edgeAntialiasingMask":251658240,"height":1080,"hidden":false,"anchorPoint":{"pointX":0.5,"pointY":0.5}},"layers":[{"animations":[],"initialState":{"affineTransform":[1,0,0,1,0,0],"masksToBounds":false,"rotation":0,"scale":1,"position":{"pointX":587.30474853515625,"pointY":190.47675979137421},"width":137,"sublayerTransform":[1,0,0,0,0,1,0,0,0,0,1,0,0,0,0,1],"contentsRect":{"y":0,"x":0,"width":1,"height":1},"opacity":1,"edgeAntialiasingMask":251658240,"height":16,"hidden":false,"anchorPoint":{"pointX":0.5,"pointY":0.5}},"layers":[{"animations":[],"layers":[],"texturedRectangle":{"singleTextureOpacity":1,"textXHeight":0.52300000000000002,"textBaseline":0.86229702085256577,"isBackgroundTexture":true,"isVerticalText":false,"textColor":[0.37036359310150146,0.37036353349685669,0.37036359310150146,1],"textureType":6},"initialState":{"affineTransform":[1,0,0,1,0,0],"masksToBounds":false,"rotation":0,"scale":1,"position":{"pointX":321.69525146484375,"pointY":16.523240208625793},"width":137,"sublayerTransform":[1,0,0,0,0,1,0,0,0,0,1,0,0,0,0,1],"contentsRect":{"y":0,"x":0,"width":1,"height":1},"opacity":1,"edgeAntialiasingMask":0,"height":16,"hidden":false,"anchorPoint":{"pointX":0.5,"pointY":0.5}},"texture":"5FB1FA085CCA982AF1178DD224C14854"}]}]},{"animations":[],"initialState":{"affineTransform":[1,0,0,1,0,0],"masksToBounds":false,"rotation":0,"scale":1,"position":{"pointX":960,"pointY":540},"width":1920,"sublayerTransform":[1,0,0,0,0,1,0,0,0,0,1,0,0,0,0,1],"contentsRect":{"y":0,"x":0,"width":1,"height":1},"opacity":1,"edgeAntialiasingMask":251658240,"height":1080,"hidden":false,"anchorPoint":{"pointX":0.5,"pointY":0.5}},"layers":[{"animations":[],"initialState":{"affineTransform":[1,0,0,1,0,0],"masksToBounds":false,"rotation":0,"scale":1,"position":{"pointX":1256.0364990234375,"pointY":190.47675979137421},"width":138,"sublayerTransform":[1,0,0,0,0,1,0,0,0,0,1,0,0,0,0,1],"contentsRect":{"y":0,"x":0,"width":1,"height":1},"opacity":1,"edgeAntialiasingMask":251658240,"height":16,"hidden":false,"anchorPoint":{"pointX":0.5,"pointY":0.5}},"layers":[{"animations":[],"layers":[],"texturedRectangle":{"singleTextureOpacity":1,"textXHeight":0.52300000000000002,"textBaseline":0.86229702085256577,"isBackgroundTexture":true,"isVerticalText":false,"textColor":[0.37036359310150146,0.37036353349685669,0.37036359310150146,1],"textureType":6},"initialState":{"affineTransform":[1,0,0,1,0,0],"masksToBounds":false,"rotation":0,"scale":1,"position":{"pointX":312.9635009765625,"pointY":16.523240208625793},"width":138,"sublayerTransform":[1,0,0,0,0,1,0,0,0,0,1,0,0,0,0,1],"contentsRect":{"y":0,"x":0,"width":1,"height":1},"opacity":1,"edgeAntialiasingMask":0,"height":16,"hidden":false,"anchorPoint":{"pointX":0.5,"pointY":0.5}},"texture":"1CA3EB23AF7FE5F54532633AE3CD5A01"}]}]},{"animations":[],"initialState":{"affineTransform":[1,0,0,1,0,0],"masksToBounds":false,"rotation":0,"scale":1,"position":{"pointX":960,"pointY":540},"width":1920,"sublayerTransform":[1,0,0,0,0,1,0,0,0,0,1,0,0,0,0,1],"contentsRect":{"y":0,"x":0,"width":1,"height":1},"opacity":1,"edgeAntialiasingMask":251658240,"height":1080,"hidden":false,"anchorPoint":{"pointX":0.5,"pointY":0.5}},"layers":[{"animations":[],"initialState":{"affineTransform":[1,0,0,1,0,0],"masksToBounds":false,"rotation":0,"scale":1,"position":{"pointX":1182.5473252534866,"pointY":432.09004563093185},"width":91,"sublayerTransform":[1,0,0,0,0,1,0,0,0,0,1,0,0,0,0,1],"contentsRect":{"y":0,"x":0,"width":1,"height":1},"opacity":0.71312099695205688,"edgeAntialiasingMask":251658240,"height":31,"hidden":false,"anchorPoint":{"pointX":0.5,"pointY":0.5}},"objectID":"C308A0F3-72B2-4F38-BE64-59B5D67897D3","layers":[{"animations":[],"layers":[],"texturedRectangle":{"singleTextureOpacity":0.71312099695205688,"textXHeight":0,"shapePath":{"lineWidth":1,"flatness":0.59999999999999998,"lineCapStyle":0,"elements":[{"type":"MoveToPoint","points":[[1.0473252534866333,1.5900456309318542]]},{"type":"AddLine","points":[[89.217323184013367,1.5900456309318542]]},{"type":"AddLine","points":[[89.217323184013367,29.440044701099396]]},{"type":"AddLine","points":[[1.0473252534866333,29.440044701099396]]},{"type":"CloseSubpath"},{"type":"MoveToPoint","points":[[1.0473252534866333,1.5900456309318542]]}],"windingRule":0,"lineJoinStyle":0,"miterLimit":10},"isBackgroundTexture":true,"textBaseline":0,"isVerticalText":false,"textureType":5},"initialState":{"affineTransform":[1,0,0,1,0,0],"masksToBounds":false,"rotation":0,"scale":1,"position":{"pointX":44.452674746513367,"pointY":13.909954369068146},"width":91,"sublayerTransform":[1,0,0,0,0,1,0,0,0,0,1,0,0,0,0,1],"contentsRect":{"y":0,"x":0,"width":1,"height":1},"opacity":1,"edgeAntialiasingMask":0,"height":31,"hidden":true,"anchorPoint":{"pointX":0.5,"pointY":0.5}},"texture":"C970C757B7EFF609DD5151375DE3E899"}]}]},{"animations":[],"initialState":{"affineTransform":[1,0,0,1,0,0],"masksToBounds":false,"rotation":0,"scale":1,"position":{"pointX":960,"pointY":540},"width":1920,"sublayerTransform":[1,0,0,0,0,1,0,0,0,0,1,0,0,0,0,1],"contentsRect":{"y":0,"x":0,"width":1,"height":1},"opacity":1,"edgeAntialiasingMask":251658240,"height":1080,"hidden":false,"anchorPoint":{"pointX":0.5,"pointY":0.5}},"layers":[{"animations":[],"initialState":{"affineTransform":[1,0,0,1,0,0],"masksToBounds":false,"rotation":0,"scale":1,"position":{"pointX":723.23626708984375,"pointY":731.19232243299484},"width":414,"sublayerTransform":[1,0,0,0,0,1,0,0,0,0,1,0,0,0,0,1],"contentsRect":{"y":0,"x":0,"width":1,"height":1},"opacity":1,"edgeAntialiasingMask":251658240,"height":24,"hidden":false,"anchorPoint":{"pointX":0.5,"pointY":0.5}},"layers":[{"animations":[],"layers":[],"texturedRectangle":{"singleTextureOpacity":1,"textXHeight":0.528564453125,"textBaseline":0.88264722377061844,"isBackgroundTexture":true,"isVerticalText":false,"textColor":[0.00063899887027218938,0.63360309600830078,0.99999994039535522,1],"textureType":6},"initialState":{"affineTransform":[1,0,0,1,0,0],"masksToBounds":false,"rotation":0,"scale":1,"position":{"pointX":338.76373291015625,"pointY":19.807677567005157},"width":414,"sublayerTransform":[1,0,0,0,0,1,0,0,0,0,1,0,0,0,0,1],"contentsRect":{"y":0,"x":0,"width":1,"height":1},"opacity":1,"edgeAntialiasingMask":0,"height":24,"hidden":false,"anchorPoint":{"pointX":0.5,"pointY":0.5}},"texture":"3A4564520A48E5EB14B90BF612242FC5"}]}]},{"animations":[],"initialState":{"affineTransform":[1,0,0,1,0,0],"masksToBounds":false,"rotation":0,"scale":1,"position":{"pointX":960,"pointY":540},"width":1920,"sublayerTransform":[1,0,0,0,0,1,0,0,0,0,1,0,0,0,0,1],"contentsRect":{"y":0,"x":0,"width":1,"height":1},"opacity":1,"edgeAntialiasingMask":251658240,"height":1080,"hidden":false,"anchorPoint":{"pointX":0.5,"pointY":0.5}},"layers":[{"animations":[],"initialState":{"affineTransform":[1,0,0,1,0,0],"masksToBounds":false,"rotation":0,"scale":1,"position":{"pointX":272.32420349121094,"pointY":734.77232253551483},"width":269,"sublayerTransform":[1,0,0,0,0,1,0,0,0,0,1,0,0,0,0,1],"contentsRect":{"y":0,"x":0,"width":1,"height":1},"opacity":1,"edgeAntialiasingMask":251658240,"height":19,"hidden":false,"anchorPoint":{"pointX":0.5,"pointY":0.5}},"layers":[{"animations":[],"layers":[],"texturedRectangle":{"singleTextureOpacity":1,"textXHeight":0.44042105263157899,"textBaseline":0.76801658304114095,"isBackgroundTexture":true,"isVerticalText":false,"textColor":[0.37036359310150146,0.37036353349685669,0.37036359310150146,1],"textureType":6},"initialState":{"affineTransform":[1,0,0,1,0,0],"masksToBounds":false,"rotation":0,"scale":1,"position":{"pointX":171.67579650878906,"pointY":17.227677464485168},"width":269,"sublayerTransform":[1,0,0,0,0,1,0,0,0,0,1,0,0,0,0,1],"contentsRect":{"y":0,"x":0,"width":1,"height":1},"opacity":1,"edgeAntialiasingMask":0,"height":19,"hidden":false,"anchorPoint":{"pointX":0.5,"pointY":0.5}},"texture":"34EAF03FA494F666B3647B078A234A82"}]}]},{"animations":[],"initialState":{"affineTransform":[1,0,0,1,0,0],"masksToBounds":false,"rotation":0,"scale":1,"position":{"pointX":960,"pointY":540},"width":1920,"sublayerTransform":[1,0,0,0,0,1,0,0,0,0,1,0,0,0,0,1],"contentsRect":{"y":0,"x":0,"width":1,"height":1},"opacity":1,"edgeAntialiasingMask":251658240,"height":1080,"hidden":false,"anchorPoint":{"pointX":0.5,"pointY":0.5}},"layers":[{"animations":[],"initialState":{"affineTransform":[1,0,0,1,0,0],"masksToBounds":false,"rotation":0,"scale":1,"position":{"pointX":961.963623046875,"pointY":741.4688720703125},"width":1706,"sublayerTransform":[1,0,0,0,0,1,0,0,0,0,1,0,0,0,0,1],"contentsRect":{"y":0,"x":0,"width":1,"height":1},"opacity":0.17543740570545197,"edgeAntialiasingMask":251658240,"height":156,"hidden":false,"anchorPoint":{"pointX":0.5,"pointY":0.5}},"layers":[{"animations":[],"layers":[],"texturedRectangle":{"singleTextureOpacity":0.17543740570545197,"textXHeight":0,"shapePath":{"lineWidth":1,"flatness":0.59999999999999998,"lineCapStyle":0,"elements":[{"type":"MoveToPoint","points":[[2.463623046875,1.9688720703125]]},{"type":"AddLine","points":[[1703.536376953125,1.9688720703125]]},{"type":"AddLine","points":[[1703.536376953125,154.41567993164062]]},{"type":"AddLine","points":[[2.463623046875,154.41567993164062]]},{"type":"CloseSubpath"},{"type":"MoveToPoint","points":[[2.463623046875,1.9688720703125]]}],"windingRule":0,"lineJoinStyle":0,"miterLimit":10},"isBackgroundTexture":true,"textBaseline":0,"isVerticalText":false,"textureType":5},"initialState":{"affineTransform":[1,0,0,1,0,0],"masksToBounds":false,"rotation":0,"scale":1,"position":{"pointX":851.036376953125,"pointY":76.5311279296875},"width":1706,"sublayerTransform":[1,0,0,0,0,1,0,0,0,0,1,0,0,0,0,1],"contentsRect":{"y":0,"x":0,"width":1,"height":1},"opacity":1,"edgeAntialiasingMask":0,"height":156,"hidden":false,"anchorPoint":{"pointX":0.5,"pointY":0.5}},"texture":"3C9FFC2939AF8DB95065855CAF4B55E2"}]}]},{"animations":[],"initialState":{"affineTransform":[1,0,0,1,0,0],"masksToBounds":false,"rotation":0,"scale":1,"position":{"pointX":960,"pointY":540},"width":1920,"sublayerTransform":[1,0,0,0,0,1,0,0,0,0,1,0,0,0,0,1],"contentsRect":{"y":0,"x":0,"width":1,"height":1},"opacity":1,"edgeAntialiasingMask":251658240,"height":1080,"hidden":false,"anchorPoint":{"pointX":0.5,"pointY":0.5}},"layers":[{"animations":[],"initialState":{"affineTransform":[1,0,0,1,0,0],"masksToBounds":false,"rotation":0,"scale":1,"position":{"pointX":1444.6875,"pointY":733.69232243299484},"width":503,"sublayerTransform":[1,0,0,0,0,1,0,0,0,0,1,0,0,0,0,1],"contentsRect":{"y":0,"x":0,"width":1,"height":1},"opacity":1,"edgeAntialiasingMask":251658240,"height":29,"hidden":false,"anchorPoint":{"pointX":0.5,"pointY":0.5}},"layers":[{"animations":[],"layers":[],"texturedRectangle":{"singleTextureOpacity":1,"textXHeight":0.43743265086206895,"textBaseline":0.730466667948098,"isBackgroundTexture":true,"isVerticalText":false,"textColor":[0.70822423696517944,0.091325841844081879,2.4065375470172512e-08,1],"textureType":6},"initialState":{"affineTransform":[1,0,0,1,0,0],"masksToBounds":false,"rotation":0,"scale":1,"position":{"pointX":308.3125,"pointY":22.307677567005157},"width":503,"sublayerTransform":[1,0,0,0,0,1,0,0,0,0,1,0,0,0,0,1],"contentsRect":{"y":0,"x":0,"width":1,"height":1},"opacity":1,"edgeAntialiasingMask":0,"height":29,"hidden":false,"anchorPoint":{"pointX":0.5,"pointY":0.5}},"texture":"CF3B60BAF51A0B613EB32C0DD1FE2785"}]}]},{"animations":[],"initialState":{"affineTransform":[1,0,0,1,0,0],"masksToBounds":false,"rotation":0,"scale":1,"position":{"pointX":960,"pointY":540},"width":1920,"sublayerTransform":[1,0,0,0,0,1,0,0,0,0,1,0,0,0,0,1],"contentsRect":{"y":0,"x":0,"width":1,"height":1},"opacity":1,"edgeAntialiasingMask":251658240,"height":1080,"hidden":false,"anchorPoint":{"pointX":0.5,"pointY":0.5}},"layers":[{"animations":[],"initialState":{"affineTransform":[1,0,0,1,0,0],"masksToBounds":false,"rotation":0,"scale":1,"position":{"pointX":1160.2335205078125,"pointY":741.3923217773438},"width":121,"sublayerTransform":[1,0,0,0,0,1,0,0,0,0,1,0,0,0,0,1],"contentsRect":{"y":0,"x":0,"width":1,"height":1},"opacity":0.074774079024791718,"edgeAntialiasingMask":251658240,"height":12,"hidden":false,"anchorPoint":{"pointX":0.5,"pointY":0.5}},"layers":[{"animations":[],"layers":[],"texturedRectangle":{"singleTextureOpacity":0.074774079024791718,"textXHeight":0,"shapePath":{"lineWidth":1,"flatness":0.59999999999999998,"lineCapStyle":0,"elements":[{"type":"MoveToPoint","points":[[1.7335205078125,6.19232177734375]]},{"type":"AddLine","points":[[109.49950392195069,6.19232177734375]]},{"type":"AddLine","points":[[110.49950392195069,6.19232177734375]]}],"windingRule":0,"lineJoinStyle":0,"miterLimit":10},"isBackgroundTexture":true,"textBaseline":0,"isVerticalText":false,"textureType":5},"initialState":{"affineTransform":[1,0,0,1,0,0],"masksToBounds":false,"rotation":0,"scale":1,"position":{"pointX":58.7664794921875,"pointY":4.6076782226562045},"width":121,"sublayerTransform":[1,0,0,0,0,1,0,0,0,0,1,0,0,0,0,1],"contentsRect":{"y":0,"x":0,"width":1,"height":1},"opacity":1,"edgeAntialiasingMask":0,"height":12,"hidden":false,"anchorPoint":{"pointX":0.5,"pointY":0.5}},"texture":"F216DB7517DC0B23363835A705B3AF91"}]}]},{"animations":[],"initialState":{"affineTransform":[1,0,0,1,0,0],"masksToBounds":false,"rotation":0,"scale":1,"position":{"pointX":960,"pointY":540},"width":1920,"sublayerTransform":[1,0,0,0,0,1,0,0,0,0,1,0,0,0,0,1],"contentsRect":{"y":0,"x":0,"width":1,"height":1},"opacity":1,"edgeAntialiasingMask":251658240,"height":1080,"hidden":false,"anchorPoint":{"pointX":0.5,"pointY":0.5}},"layers":[{"animations":[],"initialState":{"affineTransform":[1,0,0,1,0,0],"masksToBounds":false,"rotation":0,"scale":1,"position":{"pointX":1490.0660400390625,"pointY":456.72964477539062},"width":530,"sublayerTransform":[1,0,0,0,0,1,0,0,0,0,1,0,0,0,0,1],"contentsRect":{"y":0,"x":0,"width":1,"height":1},"opacity":1,"edgeAntialiasingMask":251658240,"height":320,"hidden":false,"anchorPoint":{"pointX":0.5,"pointY":0.5}},"layers":[{"animations":[],"layers":[],"texturedRectangle":{"isBackgroundTexture":true,"singleTextureOpacity":1,"textureType":5,"textBaseline":0,"textXHeight":0,"isVerticalText":false},"initialState":{"affineTransform":[1,0,0,1,0,0],"masksToBounds":false,"rotation":0,"scale":1,"position":{"pointX":263.9339599609375,"pointY":158.27035522460938},"width":530,"sublayerTransform":[1,0,0,0,0,1,0,0,0,0,1,0,0,0,0,1],"contentsRect":{"y":0,"x":0,"width":1,"height":1},"opacity":1,"edgeAntialiasingMask":0,"height":320,"hidden":false,"anchorPoint":{"pointX":0.5,"pointY":0.5}},"texture":"1AA72DA4CF5D6329BEB86DC27C1D7478"}]}]},{"animations":[],"initialState":{"affineTransform":[1,0,0,1,0,0],"masksToBounds":false,"rotation":0,"scale":1,"position":{"pointX":960,"pointY":540},"width":1920,"sublayerTransform":[1,0,0,0,0,1,0,0,0,0,1,0,0,0,0,1],"contentsRect":{"y":0,"x":0,"width":1,"height":1},"opacity":1,"edgeAntialiasingMask":251658240,"height":1080,"hidden":false,"anchorPoint":{"pointX":0.5,"pointY":0.5}},"layers":[{"animations":[],"initialState":{"affineTransform":[1,0,0,1,0,0],"masksToBounds":false,"rotation":0,"scale":1,"position":{"pointX":909.236328125,"pointY":911.45257633924484},"width":786,"sublayerTransform":[1,0,0,0,0,1,0,0,0,0,1,0,0,0,0,1],"contentsRect":{"y":0,"x":0,"width":1,"height":1},"opacity":1,"edgeAntialiasingMask":251658240,"height":29,"hidden":false,"anchorPoint":{"pointX":0.5,"pointY":0.5}},"layers":[{"animations":[],"layers":[],"texturedRectangle":{"singleTextureOpacity":1,"textXHeight":0.43743265086206895,"textBaseline":0.75668231988775314,"isBackgroundTexture":true,"isVerticalText":false,"textColor":[0.57230675220489502,0.57230663299560547,0.57230663299560547,1],"textureType":6},"initialState":{"affineTransform":[1,0,0,1,0,0],"masksToBounds":false,"rotation":0,"scale":1,"position":{"pointX":624.763671875,"pointY":21.547423660755157},"width":786,"sublayerTransform":[1,0,0,0,0,1,0,0,0,0,1,0,0,0,0,1],"contentsRect":{"y":0,"x":0,"width":1,"height":1},"opacity":1,"edgeAntialiasingMask":0,"height":29,"hidden":false,"anchorPoint":{"pointX":0.5,"pointY":0.5}},"texture":"C6F01F9AAD415B3A1322F3194FC7005A"}]}]},{"animations":[],"initialState":{"affineTransform":[1,0,0,1,0,0],"masksToBounds":false,"rotation":0,"scale":1,"position":{"pointX":960,"pointY":540},"width":1920,"sublayerTransform":[1,0,0,0,0,1,0,0,0,0,1,0,0,0,0,1],"contentsRect":{"y":0,"x":0,"width":1,"height":1},"opacity":1,"edgeAntialiasingMask":251658240,"height":1080,"hidden":false,"anchorPoint":{"pointX":0.5,"pointY":0.5}},"layers":[{"animations":[],"initialState":{"affineTransform":[1,0,0,1,0,0],"masksToBounds":false,"rotation":0,"scale":1,"position":{"pointX":226.82420349121094,"pointY":912.53257644176483},"width":178,"sublayerTransform":[1,0,0,0,0,1,0,0,0,0,1,0,0,0,0,1],"contentsRect":{"y":0,"x":0,"width":1,"height":1},"opacity":1,"edgeAntialiasingMask":251658240,"height":19,"hidden":false,"anchorPoint":{"pointX":0.5,"pointY":0.5}},"layers":[{"animations":[],"layers":[],"texturedRectangle":{"singleTextureOpacity":1,"textXHeight":0.44042105263157899,"textBaseline":0.70276678863324615,"isBackgroundTexture":true,"isVerticalText":false,"textColor":[0.37036359310150146,0.37036353349685669,0.37036359310150146,1],"textureType":6},"initialState":{"affineTransform":[1,0,0,1,0,0],"masksToBounds":false,"rotation":0,"scale":1,"position":{"pointX":171.17579650878906,"pointY":18.467423558235168},"width":178,"sublayerTransform":[1,0,0,0,0,1,0,0,0,0,1,0,0,0,0,1],"contentsRect":{"y":0,"x":0,"width":1,"height":1},"opacity":1,"edgeAntialiasingMask":0,"height":19,"hidden":false,"anchorPoint":{"pointX":0.5,"pointY":0.5}},"texture":"0921974E388DF18FD7BB3344B5C22AD5"}]}]},{"animations":[],"initialState":{"affineTransform":[1,0,0,1,0,0],"masksToBounds":false,"rotation":0,"scale":1,"position":{"pointX":960,"pointY":540},"width":1920,"sublayerTransform":[1,0,0,0,0,1,0,0,0,0,1,0,0,0,0,1],"contentsRect":{"y":0,"x":0,"width":1,"height":1},"opacity":1,"edgeAntialiasingMask":251658240,"height":1080,"hidden":false,"anchorPoint":{"pointX":0.5,"pointY":0.5}},"layers":[{"animations":[],"initialState":{"affineTransform":[1,0,0,1,0,0],"masksToBounds":false,"rotation":0,"scale":1,"position":{"pointX":961.963623046875,"pointY":919.22918701171875},"width":1706,"sublayerTransform":[1,0,0,0,0,1,0,0,0,0,1,0,0,0,0,1],"contentsRect":{"y":0,"x":0,"width":1,"height":1},"opacity":0.17543740570545197,"edgeAntialiasingMask":251658240,"height":156,"hidden":false,"anchorPoint":{"pointX":0.5,"pointY":0.5}},"layers":[{"animations":[],"layers":[],"texturedRectangle":{"singleTextureOpacity":0.17543740570545197,"textXHeight":0,"shapePath":{"lineWidth":1,"flatness":0.59999999999999998,"lineCapStyle":0,"elements":[{"type":"MoveToPoint","points":[[2.463623046875,1.72918701171875]]},{"type":"AddLine","points":[[1703.536376953125,1.72918701171875]]},{"type":"AddLine","points":[[1703.536376953125,154.17599487304688]]},{"type":"AddLine","points":[[2.463623046875,154.17599487304688]]},{"type":"CloseSubpath"},{"type":"MoveToPoint","points":[[2.463623046875,1.72918701171875]]}],"windingRule":0,"lineJoinStyle":0,"miterLimit":10},"isBackgroundTexture":true,"textBaseline":0,"isVerticalText":false,"textureType":5},"initialState":{"affineTransform":[1,0,0,1,0,0],"masksToBounds":false,"rotation":0,"scale":1,"position":{"pointX":851.036376953125,"pointY":76.77081298828125},"width":1706,"sublayerTransform":[1,0,0,0,0,1,0,0,0,0,1,0,0,0,0,1],"contentsRect":{"y":0,"x":0,"width":1,"height":1},"opacity":1,"edgeAntialiasingMask":0,"height":156,"hidden":false,"anchorPoint":{"pointX":0.5,"pointY":0.5}},"texture":"5ACCD35F302E661828308090938C657D"}]}]},{"animations":[],"initialState":{"affineTransform":[1,0,0,1,0,0],"masksToBounds":false,"rotation":0,"scale":1,"position":{"pointX":960,"pointY":540},"width":1920,"sublayerTransform":[1,0,0,0,0,1,0,0,0,0,1,0,0,0,0,1],"contentsRect":{"y":0,"x":0,"width":1,"height":1},"opacity":1,"edgeAntialiasingMask":251658240,"height":1080,"hidden":false,"anchorPoint":{"pointX":0.5,"pointY":0.5}},"layers":[{"animations":[],"initialState":{"affineTransform":[1,0,0,1,0,0],"masksToBounds":false,"rotation":0,"scale":1,"position":{"pointX":1035.0589493513107,"pointY":947.42338913679123},"width":66,"sublayerTransform":[1,0,0,0,0,1,0,0,0,0,1,0,0,0,0,1],"contentsRect":{"y":0,"x":0,"width":1,"height":1},"opacity":0.71312099695205688,"edgeAntialiasingMask":251658240,"height":31,"hidden":false,"anchorPoint":{"pointX":0.5,"pointY":0.5}},"layers":[{"animations":[],"layers":[],"texturedRectangle":{"singleTextureOpacity":0.71312099695205688,"textXHeight":0,"shapePath":{"lineWidth":1,"flatness":0.59999999999999998,"lineCapStyle":0,"elements":[{"type":"MoveToPoint","points":[[1.05894935131073,1.9233891367912292]]},{"type":"AddLine","points":[[64.53895103931427,1.9233891367912292]]},{"type":"AddLine","points":[[64.53895103931427,29.773388206958771]]},{"type":"AddLine","points":[[1.05894935131073,29.773388206958771]]},{"type":"CloseSubpath"},{"type":"MoveToPoint","points":[[1.05894935131073,1.9233891367912292]]}],"windingRule":0,"lineJoinStyle":0,"miterLimit":10},"isBackgroundTexture":true,"textBaseline":0,"isVerticalText":false,"textureType":5},"initialState":{"affineTransform":[1,0,0,1,0,0],"masksToBounds":false,"rotation":0,"scale":1,"position":{"pointX":31.94105064868927,"pointY":13.576610863208771},"width":66,"sublayerTransform":[1,0,0,0,0,1,0,0,0,0,1,0,0,0,0,1],"contentsRect":{"y":0,"x":0,"width":1,"height":1},"opacity":1,"edgeAntialiasingMask":0,"height":31,"hidden":false,"anchorPoint":{"pointX":0.5,"pointY":0.5}},"texture":"52AC6CAE4BAE951F9886AC4E13F9B803"}]}]},{"animations":[],"initialState":{"affineTransform":[1,0,0,1,0,0],"masksToBounds":false,"rotation":0,"scale":1,"position":{"pointX":960,"pointY":540},"width":1920,"sublayerTransform":[1,0,0,0,0,1,0,0,0,0,1,0,0,0,0,1],"contentsRect":{"y":0,"x":0,"width":1,"height":1},"opacity":1,"edgeAntialiasingMask":251658240,"height":1080,"hidden":false,"anchorPoint":{"pointX":0.5,"pointY":0.5}},"layers":[{"animations":[],"initialState":{"affineTransform":[1,0,0,1,0,0],"masksToBounds":false,"rotation":0,"scale":1,"position":{"pointX":1403.9555753469467,"pointY":947.42338913679123},"width":61,"sublayerTransform":[1,0,0,0,0,1,0,0,0,0,1,0,0,0,0,1],"contentsRect":{"y":0,"x":0,"width":1,"height":1},"opacity":0.71312099695205688,"edgeAntialiasingMask":251658240,"height":31,"hidden":false,"anchorPoint":{"pointX":0.5,"pointY":0.5}},"layers":[{"animations":[],"layers":[],"texturedRectangle":{"singleTextureOpacity":0.71312099695205688,"textXHeight":0,"shapePath":{"lineWidth":1,"flatness":0.59999999999999998,"lineCapStyle":0,"elements":[{"type":"MoveToPoint","points":[[1.4555753469467163,1.9233891367912292]]},{"type":"AddLine","points":[[59.475576996803284,1.9233891367912292]]},{"type":"AddLine","points":[[59.475576996803284,29.773388206958771]]},{"type":"AddLine","points":[[1.4555753469467163,29.773388206958771]]},{"type":"CloseSubpath"},{"type":"MoveToPoint","points":[[1.4555753469467163,1.9233891367912292]]}],"windingRule":0,"lineJoinStyle":0,"miterLimit":10},"isBackgroundTexture":true,"textBaseline":0,"isVerticalText":false,"textureType":5},"initialState":{"affineTransform":[1,0,0,1,0,0],"masksToBounds":false,"rotation":0,"scale":1,"position":{"pointX":29.044424653053284,"pointY":13.576610863208771},"width":61,"sublayerTransform":[1,0,0,0,0,1,0,0,0,0,1,0,0,0,0,1],"contentsRect":{"y":0,"x":0,"width":1,"height":1},"opacity":1,"edgeAntialiasingMask":0,"height":31,"hidden":false,"anchorPoint":{"pointX":0.5,"pointY":0.5}},"texture":"E673A9C41D87439AF962E2BCFCC59A26"}]}]},{"animations":[],"initialState":{"affineTransform":[1,0,0,1,0,0],"masksToBounds":false,"rotation":0,"scale":1,"position":{"pointX":960,"pointY":540},"width":1920,"sublayerTransform":[1,0,0,0,0,1,0,0,0,0,1,0,0,0,0,1],"contentsRect":{"y":0,"x":0,"width":1,"height":1},"opacity":1,"edgeAntialiasingMask":251658240,"height":1080,"hidden":false,"anchorPoint":{"pointX":0.5,"pointY":0.5}},"layers":[{"animations":[],"initialState":{"affineTransform":[1,0,0,1,0,0],"masksToBounds":false,"rotation":0,"scale":1,"position":{"pointX":394.92766693234444,"pointY":1059.0695027112961},"width":789,"sublayerTransform":[1,0,0,0,0,1,0,0,0,0,1,0,0,0,0,1],"contentsRect":{"y":0,"x":0,"width":1,"height":1},"opacity":1,"edgeAntialiasingMask":251658240,"height":20,"hidden":false,"anchorPoint":{"pointX":0.5,"pointY":0.5}},"layers":[{"animations":[],"layers":[],"texturedRectangle":{"singleTextureOpacity":1,"textXHeight":0.41839999999999999,"textBaseline":0.71947476267814636,"isBackgroundTexture":true,"isVerticalText":false,"textColor":[0.37036359310150146,0.37036353349685669,0.37036359310150146,1],"textureType":6},"initialState":{"affineTransform":[1,0,0,1,0,0],"masksToBounds":false,"rotation":0,"scale":1,"position":{"pointX":397.07233306765556,"pointY":17.930497288703918},"width":789,"sublayerTransform":[1,0,0,0,0,1,0,0,0,0,1,0,0,0,0,1],"contentsRect":{"y":0,"x":0,"width":1,"height":1},"opacity":1,"edgeAntialiasingMask":0,"height":20,"hidden":false,"anchorPoint":{"pointX":0.5,"pointY":0.5}},"texture":"0CF9063BADB8F4AE51457BDCE49B8115"}]}]},{"animations":[],"initialState":{"affineTransform":[1,0,0,1,0,0],"masksToBounds":false,"rotation":0,"scale":1,"position":{"pointX":960,"pointY":540},"width":1920,"sublayerTransform":[1,0,0,0,0,1,0,0,0,0,1,0,0,0,0,1],"contentsRect":{"y":0,"x":0,"width":1,"height":1},"opacity":1,"edgeAntialiasingMask":251658240,"height":1080,"hidden":false,"anchorPoint":{"pointX":0.5,"pointY":0.5}},"layers":[{"animations":[],"initialState":{"affineTransform":[1,0,0,1,0,0],"masksToBounds":false,"rotation":0,"scale":1,"position":{"pointX":1898.0419827170845,"pointY":1044.2800302505493},"width":16,"sublayerTransform":[1,0,0,0,0,1,0,0,0,0,1,0,0,0,0,1],"contentsRect":{"y":0,"x":0,"width":1,"height":1},"opacity":1,"edgeAntialiasingMask":251658240,"height":19,"hidden":false,"anchorPoint":{"pointX":0.5,"pointY":0.5}},"layers":[{"animations":[],"layers":[],"texturedRectangle":{"singleTextureOpacity":1,"textXHeight":0.5592631578947368,"textBaseline":0.9031589940974587,"isBackgroundTexture":true,"isVerticalText":false,"textColor":[0.20392157137393951,0.20392157137393951,0.20392157137393951,1],"textureType":6},"initialState":{"affineTransform":[1,0,0,1,0,0],"masksToBounds":false,"rotation":0,"scale":1,"position":{"pointX":10.958017282915534,"pointY":17.719969749450684},"width":16,"sublayerTransform":[1,0,0,0,0,1,0,0,0,0,1,0,0,0,0,1],"contentsRect":{"y":0,"x":0,"width":1,"height":1},"opacity":1,"edgeAntialiasingMask":0,"height":19,"hidden":false,"anchorPoint":{"pointX":0.5,"pointY":0.5}},"texture":"57259D5C6912C2F5FEF3A5E30C96D268"}]}]},{"animations":[],"initialState":{"affineTransform":[1,0,0,1,0,0],"masksToBounds":false,"rotation":0,"scale":1,"position":{"pointX":960,"pointY":540},"width":1920,"sublayerTransform":[1,0,0,0,0,1,0,0,0,0,1,0,0,0,0,1],"contentsRect":{"y":0,"x":0,"width":1,"height":1},"opacity":1,"edgeAntialiasingMask":251658240,"height":1080,"hidden":false,"anchorPoint":{"pointX":0.5,"pointY":0.5}},"layers":[{"animations":[],"initialState":{"affineTransform":[1,0,0,1,0,0],"masksToBounds":false,"rotation":0,"scale":1,"position":{"pointX":294.1815185546875,"pointY":410.79463907553884},"width":404,"sublayerTransform":[1,0,0,0,0,1,0,0,0,0,1,0,0,0,0,1],"contentsRect":{"y":0,"x":0,"width":1,"height":1},"opacity":1,"edgeAntialiasingMask":251658240,"height":463,"hidden":false,"anchorPoint":{"pointX":0.5,"pointY":0.5}},"layers":[{"animations":[],"layers":[],"texturedRectangle":{"isBackgroundTexture":true,"singleTextureOpacity":1,"textureType":5,"textBaseline":0,"textXHeight":0,"isVerticalText":false},"initialState":{"affineTransform":[1,0,0,1,0,0],"masksToBounds":false,"rotation":0,"scale":1,"position":{"pointX":199.81848144531253,"pointY":230.20536092446113},"width":404,"sublayerTransform":[1,0,0,0,0,1,0,0,0,0,1,0,0,0,0,1],"contentsRect":{"y":0,"x":0,"width":1,"height":1},"opacity":1,"edgeAntialiasingMask":0,"height":463,"hidden":false,"anchorPoint":{"pointX":0.5,"pointY":0.5}},"texture":"BC77172F4C24F3283DF7368E5D3650E5"}]}]}]}},{"effects":[{"beginTime":0,"baseLayer":{"animations":[],"initialState":{"affineTransform":[1,0,0,1,0,0],"masksToBounds":false,"rotation":0,"scale":1,"position":{"pointX":960,"pointY":540},"width":1920,"sublayerTransform":[1,0,0,0,0,1,0,0,0,0,1,0,0,0,0,1],"contentsRect":{"y":0,"x":0,"width":1,"height":1},"opacity":1,"edgeAntialiasingMask":251658240,"height":1080,"hidden":false,"anchorPoint":{"pointX":0.5,"pointY":0.5}},"objectID":"0","layers":[{"animations":[],"initialState":{"affineTransform":[1,0,0,1,0,0],"masksToBounds":false,"rotation":0,"scale":1,"position":{"pointX":960,"pointY":540},"width":1920,"sublayerTransform":[1,0,0,0,0,1,0,0,0,0,1,-0.00035007912466775983,0,0,0,1],"contentsRect":{"y":0,"x":0,"width":1,"height":1},"opacity":1,"edgeAntialiasingMask":251658240,"height":1080,"hidden":false,"anchorPoint":{"pointX":0.5,"pointY":0.5}},"layers":[{"animations":[],"layers":[],"texturedRectangle":{"isBackgroundTexture":false,"singleTextureOpacity":1,"textureType":0,"textBaseline":0,"textXHeight":0,"isVerticalText":false},"initialState":{"affineTransform":[1,0,0,1,0,0],"masksToBounds":false,"rotation":0,"scale":1,"position":{"pointX":960,"pointY":540},"width":1920,"sublayerTransform":[1,0,0,0,0,1,0,0,0,0,1,0,0,0,0,1],"contentsRect":{"y":0,"x":0,"width":1,"height":1},"opacity":1,"edgeAntialiasingMask":0,"height":1080,"hidden":false,"anchorPoint":{"pointX":0.5,"pointY":0.5}},"texture":"86E6C057E54C0DE6689F26FABC551F08"},{"animations":[{"additive":false,"timeOffset":0,"beginTime":0,"from":{"scalar":false},"repeatCount":0,"fillMode":"both","duration":0.01,"autoreverses":false,"property":"hidden","to":{"scalar":true},"removedOnCompletion":false}],"layers":[],"texturedRectangle":{"isBackgroundTexture":false,"singleTextureOpacity":1,"textureType":0,"textBaseline":0,"textXHeight":0,"isVerticalText":false},"initialState":{"affineTransform":[1,0,0,1,0,0],"masksToBounds":false,"rotation":0,"scale":1,"position":{"pointX":960,"pointY":540},"width":1920,"sublayerTransform":[1,0,0,0,0,1,0,0,0,0,1,0,0,0,0,1],"contentsRect":{"y":0,"x":0,"width":1,"height":1},"opacity":1,"edgeAntialiasingMask":0,"height":1080,"hidden":false,"anchorPoint":{"pointX":0.5,"pointY":0.5}},"texture":"165A969817F845C38E0A2291E531EFEE"}]}]},"effects":[],"duration":0.01,"type":"transition","attributes":{"direction":0},"name":"none","objectID":"0"}],"automaticPlay":false,"hyperlinks":[],"accessibility":[{"text":"Traditional RNN cell (single)","targetRectangle":{"y":185.29463806748385,"x":96.809835164501848,"width":217.45600000000002,"height":21.839999675750732}},{"text":"More common variants: LSTM, GRU","targetRectangle":{"y":207.29463806748385,"x":96.809835164501848,"width":230.65600000000001,"height":43.839999675750732}},{"text":"equation.pdf","targetRectangle":{"y":484.3708283381078,"x":304.17350401575595,"width":11.144313747167587,"height":11.144313747167587}},{"text":"equation.pdf","targetRectangle":{"y":552.57415771484375,"x":1618.5194702148438,"width":15.619999068975403,"height":2.7939998334645679}},{"text":"￼","targetRectangle":{"y":1038.7800302505493,"x":1894.5419827170845,"width":12.980000000000018,"height":26}},{"text":"equation.pdf","targetRectangle":{"y":287.04329494704353,"x":417.54592664880431,"width":23.383828396225397,"height":13.852944666139365}},{"text":"equation.pdf","targetRectangle":{"y":211.83809849201589,"x":417.31174364236745,"width":24.528604493874752,"height":17.906833437091677}},{"text":"equation.pdf","targetRectangle":{"y":545.62124633789062,"x":1043.0523376464844,"width":27.686631549560389,"height":21.274651800000015}},{"text":"equation.pdf","targetRectangle":{"y":313.55538940429688,"x":1369.244384765625,"width":23.648041971180646,"height":19.007280085830701}},{"text":"equation.pdf","targetRectangle":{"y":428.9100341796875,"x":1617.5723266601562,"width":15.619999068975403,"height":2.7939998334646248}},{"text":"equation.pdf","targetRectangle":{"y":323.21456909179688,"x":1617.5723266601562,"width":15.619999068975403,"height":2.7939998334646248}},{"text":"equation.pdf","targetRectangle":{"y":552.60293579101562,"x":938.17550659179688,"width":15.619999068975403,"height":2.7939998334645679}},{"text":"equation.pdf","targetRectangle":{"y":545.62124633789062,"x":618.7540283203125,"width":22.589467116422156,"height":20.241899999999987}},{"text":"output","targetRectangle":{"y":935.92338913679123,"x":1377.9555753469467,"width":49.019999999999982,"height":19.849999696016312}},{"text":"I love coffee in the morning when I wake up.","targetRectangle":{"y":900.95257633924484,"x":746.147216796875,"width":792.12890625,"height":35}},{"text":"equation.pdf","targetRectangle":{"y":314.31137084960938,"x":1507.5929565429688,"width":23.648041971180646,"height":19.007280085830701}},{"text":"equation.pdf","targetRectangle":{"y":428.93881225585938,"x":937.22836303710938,"width":15.619999068975403,"height":2.7939998334646248}},{"text":"equation.pdf","targetRectangle":{"y":413.14682218411042,"x":304.48027529408716,"width":11.144313747167587,"height":11.144313747167587}},{"text":"equation.pdf","targetRectangle":{"y":415.64002449286193,"x":366.01517440497707,"width":9.552268926143654,"height":8.3203294813037019}},{"text":"equation.pdf","targetRectangle":{"y":422.784423828125,"x":1299.2780151367188,"width":24.859810586309095,"height":22.733998644948031}},{"text":"equation.pdf","targetRectangle":{"y":471.95894531646297,"x":185.47256750292047,"width":20.208446404425814,"height":17.235590949892412}},{"text":"equation.pdf","targetRectangle":{"y":545.59246826171875,"x":1723.3963012695312,"width":28.386626390072934,"height":25.536142799999993}},{"text":"equation.pdf","targetRectangle":{"y":356.63135180164102,"x":360.78934805742495,"width":19.508704799756686,"height":19.886535106042629}},{"text":"equation.pdf","targetRectangle":{"y":422.784423828125,"x":1368.979736328125,"width":24.859810586309095,"height":22.733998644948031}},{"text":"Neural Machine Translation (NMT)","targetRectangle":{"y":729.27232253551483,"x":175.7321843261719,"width":266.97599999999989,"height":21.839999675750732}},{"text":"equation.pdf","targetRectangle":{"y":422.784423828125,"x":1439.6715698242188,"width":24.859810586309095,"height":22.733998644948031}},{"text":"equation.pdf","targetRectangle":{"y":422.81320190429688,"x":1040.9301452636719,"width":29.146352815210548,"height":21.274651800000015}},{"text":"equation.pdf","targetRectangle":{"y":545.59246826171875,"x":1299.0979614257812,"width":23.231338684184038,"height":22.733998644947974}},{"text":"equation.pdf","targetRectangle":{"y":482.65571547028514,"x":362.72468954509793,"width":13.488121968251164,"height":18.773051377052639}},{"text":"equation.pdf","targetRectangle":{"y":410.99958435668077,"x":418.47196623583818,"width":22.158991634443282,"height":16.279795560216485}},{"text":"bottleneck","targetRectangle":{"y":420.59004563093185,"x":1141.5473252534866,"width":79.170000000000073,"height":19.849999696016312}},{"text":"equation.pdf","targetRectangle":{"y":545.62124633789062,"x":689.44580078125,"width":22.589467116422156,"height":20.241899999999987}},{"text":"equation.pdf","targetRectangle":{"y":422.784423828125,"x":1510.3281860351562,"width":24.859810586309095,"height":22.733998644948031}},{"text":"equation.pdf","targetRectangle":{"y":315.31137084960938,"x":1720.7033081054688,"width":28.469833304473241,"height":19.436482746355807}},{"text":"equation.pdf","targetRectangle":{"y":545.62124633789062,"x":760.1375732421875,"width":22.589467116422156,"height":20.241899999999987}},{"text":"equation.pdf","targetRectangle":{"y":422.784423828125,"x":1721.2741088867188,"width":30.015098389262675,"height":25.536142799999993}},{"text":"Encoder network","targetRectangle":{"y":186.47675979137421,"x":773.27478930664063,"width":133.85599999999999,"height":21.839999675750732}},{"text":"equation.pdf","targetRectangle":{"y":545.62124633789062,"x":829.59249877929688,"width":22.589467116422156,"height":20.241899999999987}},{"text":"equation.pdf","targetRectangle":{"y":315.31137084960938,"x":1439.9362182617188,"width":23.648041971180646,"height":19.007280085830701}},{"text":"equation.pdf","targetRectangle":{"y":413.90071830466724,"x":190.25981233278566,"width":10.499914652943602,"height":10.49991465294363}},{"text":"equation.pdf","targetRectangle":{"y":358.57588488627761,"x":424.38649067585709,"width":10.49991465294363,"height":10.49991465294363}},{"text":"equation.pdf","targetRectangle":{"y":413.14682218411042,"x":236.68543567079448,"width":11.144313747167587,"height":11.144313747167587}},{"text":"equation.pdf","targetRectangle":{"y":545.59246826171875,"x":1440.4815063476562,"width":23.231338684184038,"height":22.733998644947974}},{"text":"equation.pdf","targetRectangle":{"y":324.03382333829722,"x":424.00068789048998,"width":11.144313747167587,"height":11.144313747167587}},{"text":"seq2seq was introduced by Sutsqever et al., Sequence to Sequence Learning with Neural Networks (2014)","targetRectangle":{"y":1053.0695027112961,"x":4.4276669323444366,"width":786.38400000000013,"height":21.839999675750732}},{"text":"Neural text generation","targetRectangle":{"y":907.03257644176483,"x":221.25218432617189,"width":175.93599999999995,"height":21.839999675750732}},{"text":"equation.pdf","targetRectangle":{"y":545.59246826171875,"x":1509.9364624023438,"width":23.231338684184038,"height":22.733998644947974}},{"text":"prompt","targetRectangle":{"y":935.92338913679123,"x":1006.5589493513107,"width":54.480000000000018,"height":19.849999696016312}},{"text":"equation.pdf","targetRectangle":{"y":528.35696216880081,"x":363.55758485598244,"width":18.889702611010989,"height":18.204463940972687}},{"text":"equation.pdf","targetRectangle":{"y":314.55538940429688,"x":1299.542724609375,"width":23.648041971180646,"height":19.007280085830701}},{"text":"equation.pdf","targetRectangle":{"y":314.17556762695312,"x":1231.0194091796875,"width":23.648041971180646,"height":19.007280085830701}},{"text":"I love coffee in the morning","targetRectangle":{"y":723.19232243299484,"x":1247.8511047363281,"width":504.08203125,"height":35}},{"text":"equation.pdf","targetRectangle":{"y":545.59246826171875,"x":1369.7896728515625,"width":23.231338684184038,"height":22.733998644947974}},{"text":"equation.pdf","targetRectangle":{"y":411.00900362274569,"x":114.1005360668773,"width":38.105026279306301,"height":16.279795560216485}},{"text":"equation.pdf","targetRectangle":{"y":422.81320190429688,"x":618.93408203125,"width":24.049188382072202,"height":20.241899999999987}},{"text":"J'aime le café le matin","targetRectangle":{"y":723.19232243299484,"x":647.11181640625,"width":414.0673828125,"height":35}},{"text":"equation.pdf","targetRectangle":{"y":250.33237279155082,"x":418.7155768240566,"width":23.02466552867827,"height":13.025011456574816}},{"text":"equation.pdf","targetRectangle":{"y":595.80897161469568,"x":300.08244611848215,"width":20.45322932620337,"height":17.64440540680846}},{"text":"equation.pdf","targetRectangle":{"y":422.81320190429688,"x":688.6358642578125,"width":24.049188382072202,"height":20.241899999999987}},{"text":"equation.pdf","targetRectangle":{"y":472.88435594957798,"x":235.50893072197275,"width":14.806865761665989,"height":17.804178385972364}},{"text":"Decoder network","targetRectangle":{"y":186.47675979137421,"x":1430.9723564453125,"width":135.53600000000006,"height":21.839999675750732}},{"text":"equation.pdf","targetRectangle":{"y":319.8002190855492,"x":363.38835259321218,"width":14.107124156996917,"height":20.455122542122581}},{"text":"equation.pdf","targetRectangle":{"y":422.81320190429688,"x":759.32763671875,"width":24.049188382072202,"height":20.241899999999987}},{"text":"Sequence to sequence modeling","targetRectangle":{"y":4.0000000000000071,"x":40,"width":1035.5800000000002,"height":84}},{"text":"equation.pdf","targetRectangle":{"y":422.81320190429688,"x":829.98422241210938,"width":24.049188382072202,"height":20.241899999999987}},{"text":"equation.pdf","targetRectangle":{"y":422.60519409179688,"x":550.28741455078125,"width":24.049188382072202,"height":20.241899999999987}},{"text":"equation.pdf","targetRectangle":{"y":529.47001619472212,"x":305.07839864243795,"width":10.49991465294363,"height":10.49991465294363}}],"baseLayer":{"animations":[],"initialState":{"affineTransform":[1,0,0,1,0,0],"masksToBounds":false,"rotation":0,"scale":1,"position":{"pointX":960,"pointY":540},"width":1920,"sublayerTransform":[1,0,0,0,0,1,0,0,0,0,1,0,0,0,0,1],"contentsRect":{"y":0,"x":0,"width":1,"height":1},"opacity":1,"edgeAntialiasingMask":251658240,"height":1080,"hidden":false,"anchorPoint":{"pointX":0.5,"pointY":0.5}},"objectID":"0","layers":[{"animations":[],"initialState":{"affineTransform":[1,0,0,1,0,0],"masksToBounds":false,"rotation":0,"scale":1,"position":{"pointX":960,"pointY":540},"width":1920,"sublayerTransform":[1,0,0,0,0,1,0,0,0,0,1,-0.00035007912466775983,0,0,0,1],"contentsRect":{"y":0,"x":0,"width":1,"height":1},"opacity":1,"edgeAntialiasingMask":251658240,"height":1080,"hidden":false,"anchorPoint":{"pointX":0.5,"pointY":0.5}},"layers":[{"animations":[],"layers":[],"texturedRectangle":{"isBackgroundTexture":false,"singleTextureOpacity":1,"textureType":0,"textBaseline":0,"textXHeight":0,"isVerticalText":false},"initialState":{"affineTransform":[1,0,0,1,0,0],"masksToBounds":false,"rotation":0,"scale":1,"position":{"pointX":960,"pointY":540},"width":1920,"sublayerTransform":[1,0,0,0,0,1,0,0,0,0,1,0,0,0,0,1],"contentsRect":{"y":0,"x":0,"width":1,"height":1},"opacity":1,"edgeAntialiasingMask":0,"height":1080,"hidden":false,"anchorPoint":{"pointX":0.5,"pointY":0.5}},"texture":"165A969817F845C38E0A2291E531EFEE"}]}]}}]}