{"autoplayTransitionDelay":5,"author":"","timestamp":"2021-17-24 10:8:1","loopSlideshow":0,"filename":"lecture-03.key","autoplayBuildDelay":2,"comment":"","title":"lecture-03.key","showMode":0,"creator":"Apple Keynote 11.1","slideList":["3860B916-F918-4E87-9C56-12C349CDFDEB","F18410C4-CA73-4432-B42A-534FFF20C3DB","A87F1303-788B-461E-A0ED-9DFB8B8B26D2","00F91A6A-4FB9-4A32-8DB0-0E3F4A5DACB7","14E9350B-9272-4B01-9111-576AD4789068","52090CDB-F89B-4403-9BA1-6E9DE61CBFC9","135DC59B-E6A9-4A08-88E1-492D34BF926B","E45FF01D-519D-4346-B966-E33BBD15FCC3","103810FD-F9BE-4485-95EC-9F6801457C78","D2DFF266-4531-4650-9333-14E02834642B","587D290D-125B-410F-ADAF-A1A99834AE32","955F1AFD-EB5B-47EB-A65A-F0BEB11B8ADD","82EE55CB-A378-4594-995A-D38AFC905EE7","F0BF5D8F-4995-4270-9141-AFA3296D9BC8"],"soundtrack":{"mode":0,"volume":1},"slideWidth":1920,"slideHeight":1080,"slideCount":14,"majorVersion":1,"minorVersion":2,"fonts":["HelveticaNeue","Graphik-RegularItalic","ProximaNova-Regular","ProximaNova-Bold","Helvetica","TimesNewRomanPS-ItalicMT","Graphik-Medium","Graphik-Regular","Graphik-Semibold"]}