{"assets":{"0A67683C31275B6150A7DA3FCC1E75D4":{"type":"texture","index":0,"assetRequest":{"type":"slide","state":"contents","slide":"none"},"url":{"native":"assets\/14E9350B-9272-4B01-9111-576AD4789068.pdf"},"width":1920,"height":1080},"24817D1FFE212AF45B4CBA33DD642F83":{"type":"texture","index":1,"assetRequest":{"type":"slide","state":"contents","slide":"none"},"url":{"native":"assets\/14E9350B-9272-4B01-9111-576AD4789068.pdf"},"width":1920,"height":1080}},"events":[{"effects":[{"beginTime":0,"baseLayer":{"animations":[],"initialState":{"affineTransform":[1,0,0,1,0,0],"masksToBounds":false,"rotation":0,"scale":1,"position":{"pointX":960,"pointY":540},"width":1920,"sublayerTransform":[1,0,0,0,0,1,0,0,0,0,1,0,0,0,0,1],"contentsRect":{"y":0,"x":0,"width":1,"height":1},"opacity":1,"edgeAntialiasingMask":251658240,"height":1080,"hidden":false,"anchorPoint":{"pointX":0.5,"pointY":0.5}},"objectID":"0","layers":[{"animations":[],"initialState":{"affineTransform":[1,0,0,1,0,0],"masksToBounds":false,"rotation":0,"scale":1,"position":{"pointX":960,"pointY":540},"width":1920,"sublayerTransform":[1,0,0,0,0,1,0,0,0,0,1,-0.00035007912466775983,0,0,0,1],"contentsRect":{"y":0,"x":0,"width":1,"height":1},"opacity":1,"edgeAntialiasingMask":251658240,"height":1080,"hidden":false,"anchorPoint":{"pointX":0.5,"pointY":0.5}},"layers":[{"animations":[],"layers":[],"texturedRectangle":{"isBackgroundTexture":false,"singleTextureOpacity":1,"textureType":0,"textBaseline":0,"textXHeight":0,"isVerticalText":false},"initialState":{"affineTransform":[1,0,0,1,0,0],"masksToBounds":false,"rotation":0,"scale":1,"position":{"pointX":960,"pointY":540},"width":1920,"sublayerTransform":[1,0,0,0,0,1,0,0,0,0,1,0,0,0,0,1],"contentsRect":{"y":0,"x":0,"width":1,"height":1},"opacity":1,"edgeAntialiasingMask":0,"height":1080,"hidden":false,"anchorPoint":{"pointX":0.5,"pointY":0.5}},"texture":"24817D1FFE212AF45B4CBA33DD642F83"},{"animations":[{"additive":false,"timeOffset":0,"beginTime":0,"from":{"scalar":false},"repeatCount":0,"fillMode":"both","duration":0.01,"autoreverses":false,"property":"hidden","to":{"scalar":true},"removedOnCompletion":false}],"layers":[],"texturedRectangle":{"isBackgroundTexture":false,"singleTextureOpacity":1,"textureType":0,"textBaseline":0,"textXHeight":0,"isVerticalText":false},"initialState":{"affineTransform":[1,0,0,1,0,0],"masksToBounds":false,"rotation":0,"scale":1,"position":{"pointX":960,"pointY":540},"width":1920,"sublayerTransform":[1,0,0,0,0,1,0,0,0,0,1,0,0,0,0,1],"contentsRect":{"y":0,"x":0,"width":1,"height":1},"opacity":1,"edgeAntialiasingMask":0,"height":1080,"hidden":false,"anchorPoint":{"pointX":0.5,"pointY":0.5}},"texture":"0A67683C31275B6150A7DA3FCC1E75D4"}]}]},"effects":[],"duration":0.01,"type":"transition","attributes":{"direction":0},"name":"none","objectID":"0"}],"automaticPlay":false,"hyperlinks":[],"accessibility":[{"text":"- Taken from Eisenstein, 2019, Chp 2","targetRectangle":{"y":455.50348365306854,"x":1153.9315299987793,"width":421.48800000000006,"height":30.759999513626099}},{"text":"Naive Bayes’ classifier","targetRectangle":{"y":4,"x":40,"width":706.1600000000002,"height":84}},{"text":"equation.pdf","targetRectangle":{"y":613.61981201171875,"x":1276.462646484375,"width":163.15199027538301,"height":28.151998322010058}},{"text":"Assumption 1: The text and label in one document does not affect those of another.","targetRectangle":{"y":134,"x":93.83332097530365,"width":1666.5500000000002,"height":122}},{"text":"Assumption 2: Words in a sentence are independent, conditioned on the class label","targetRectangle":{"y":317,"x":93.83332097530365,"width":1753.6000000000001,"height":122}},{"text":"equation.pdf","targetRectangle":{"y":825.8333740234375,"x":505.12332153320312,"width":553.37638497535681,"height":37.211400000000026}},{"text":"equation.pdf","targetRectangle":{"y":721.23876953125,"x":512.20050048828125,"width":539.22202280312308,"height":36.827999999999975}},{"text":"￼","targetRectangle":{"y":1038.7800302505493,"x":1894.5419827170845,"width":12.980000000000018,"height":26}},{"text":"equation.pdf","targetRectangle":{"y":891.0645751953125,"x":506.60311889648438,"width":732.81342024243258,"height":127.78919999999994}},{"text":"equation.pdf","targetRectangle":{"y":616.5228271484375,"x":1462.8043212890625,"width":300.13999999999987,"height":32.346000000000004}},{"text":"Screen Shot 2021-08-07 at 4.05.28 PM.png","targetRectangle":{"y":472.23641967773438,"x":348.37896728515625,"width":1223.2420654296875,"height":227.368408203125}},{"text":"M","targetRectangle":{"y":551.51531988382339,"x":748.56323254108429,"width":24.990234375,"height":32.7255859375}},{"text":"equation.pdf","targetRectangle":{"y":722.03472900390625,"x":360.55780029296875,"width":86.377808917197456,"height":25.23599999999999}}],"baseLayer":{"animations":[],"initialState":{"affineTransform":[1,0,0,1,0,0],"masksToBounds":false,"rotation":0,"scale":1,"position":{"pointX":960,"pointY":540},"width":1920,"sublayerTransform":[1,0,0,0,0,1,0,0,0,0,1,0,0,0,0,1],"contentsRect":{"y":0,"x":0,"width":1,"height":1},"opacity":1,"edgeAntialiasingMask":251658240,"height":1080,"hidden":false,"anchorPoint":{"pointX":0.5,"pointY":0.5}},"objectID":"0","layers":[{"animations":[],"initialState":{"affineTransform":[1,0,0,1,0,0],"masksToBounds":false,"rotation":0,"scale":1,"position":{"pointX":960,"pointY":540},"width":1920,"sublayerTransform":[1,0,0,0,0,1,0,0,0,0,1,-0.00035007912466775983,0,0,0,1],"contentsRect":{"y":0,"x":0,"width":1,"height":1},"opacity":1,"edgeAntialiasingMask":251658240,"height":1080,"hidden":false,"anchorPoint":{"pointX":0.5,"pointY":0.5}},"layers":[{"animations":[],"layers":[],"texturedRectangle":{"isBackgroundTexture":false,"singleTextureOpacity":1,"textureType":0,"textBaseline":0,"textXHeight":0,"isVerticalText":false},"initialState":{"affineTransform":[1,0,0,1,0,0],"masksToBounds":false,"rotation":0,"scale":1,"position":{"pointX":960,"pointY":540},"width":1920,"sublayerTransform":[1,0,0,0,0,1,0,0,0,0,1,0,0,0,0,1],"contentsRect":{"y":0,"x":0,"width":1,"height":1},"opacity":1,"edgeAntialiasingMask":0,"height":1080,"hidden":false,"anchorPoint":{"pointX":0.5,"pointY":0.5}},"texture":"0A67683C31275B6150A7DA3FCC1E75D4"}]}]}}]}