{"assets":{"4B0405A4344CBF4920B5256CF65AD258":{"type":"texture","index":0,"assetRequest":{"type":"slide","state":"contents","slide":"none"},"url":{"native":"assets\/805E0232-5137-4EE2-BE28-1DBB09E0E65B.pdf"},"width":1920,"height":1080},"614C899E509D4C2CDA6A0CFFFCD608DF":{"type":"texture","index":1,"assetRequest":{"type":"slide","state":"contents","slide":"none"},"url":{"native":"assets\/805E0232-5137-4EE2-BE28-1DBB09E0E65B.pdf"},"width":1920,"height":1080}},"events":[{"effects":[{"beginTime":0,"baseLayer":{"animations":[],"initialState":{"affineTransform":[1,0,0,1,0,0],"masksToBounds":false,"rotation":0,"scale":1,"position":{"pointX":960,"pointY":540},"width":1920,"sublayerTransform":[1,0,0,0,0,1,0,0,0,0,1,0,0,0,0,1],"contentsRect":{"y":0,"x":0,"width":1,"height":1},"opacity":1,"edgeAntialiasingMask":251658240,"height":1080,"hidden":false,"anchorPoint":{"pointX":0.5,"pointY":0.5}},"objectID":"0","layers":[{"animations":[],"initialState":{"affineTransform":[1,0,0,1,0,0],"masksToBounds":false,"rotation":0,"scale":1,"position":{"pointX":960,"pointY":540},"width":1920,"sublayerTransform":[1,0,0,0,0,1,0,0,0,0,1,-0.00035007912466775983,0,0,0,1],"contentsRect":{"y":0,"x":0,"width":1,"height":1},"opacity":1,"edgeAntialiasingMask":251658240,"height":1080,"hidden":false,"anchorPoint":{"pointX":0.5,"pointY":0.5}},"layers":[{"animations":[],"layers":[],"texturedRectangle":{"isBackgroundTexture":false,"singleTextureOpacity":1,"textureType":0,"textBaseline":0,"textXHeight":0,"isVerticalText":false},"initialState":{"affineTransform":[1,0,0,1,0,0],"masksToBounds":false,"rotation":0,"scale":1,"position":{"pointX":960,"pointY":540},"width":1920,"sublayerTransform":[1,0,0,0,0,1,0,0,0,0,1,0,0,0,0,1],"contentsRect":{"y":0,"x":0,"width":1,"height":1},"opacity":1,"edgeAntialiasingMask":0,"height":1080,"hidden":false,"anchorPoint":{"pointX":0.5,"pointY":0.5}},"texture":"614C899E509D4C2CDA6A0CFFFCD608DF"},{"animations":[{"additive":false,"timeOffset":0,"beginTime":0,"from":{"scalar":false},"repeatCount":0,"fillMode":"both","duration":0.01,"autoreverses":false,"property":"hidden","to":{"scalar":true},"removedOnCompletion":false}],"layers":[],"texturedRectangle":{"isBackgroundTexture":false,"singleTextureOpacity":1,"textureType":0,"textBaseline":0,"textXHeight":0,"isVerticalText":false},"initialState":{"affineTransform":[1,0,0,1,0,0],"masksToBounds":false,"rotation":0,"scale":1,"position":{"pointX":960,"pointY":540},"width":1920,"sublayerTransform":[1,0,0,0,0,1,0,0,0,0,1,0,0,0,0,1],"contentsRect":{"y":0,"x":0,"width":1,"height":1},"opacity":1,"edgeAntialiasingMask":0,"height":1080,"hidden":false,"anchorPoint":{"pointX":0.5,"pointY":0.5}},"texture":"4B0405A4344CBF4920B5256CF65AD258"}]}]},"effects":[],"duration":0.01,"type":"transition","attributes":{"direction":0},"name":"none","objectID":"0"}],"automaticPlay":false,"hyperlinks":[],"accessibility":[{"text":"Phoneme:","targetRectangle":{"y":142.06993103027344,"x":61.333332061767578,"width":203.596,"height":55}},{"text":"* The minimal unit of sound that distinguishes words","targetRectangle":{"y":197.06993103027344,"x":151.33333206176758,"width":1045.1660000000004,"height":55}},{"text":"* Example: \/water\/","targetRectangle":{"y":252.06993103027344,"x":151.33333206176758,"width":362.38800000000003,"height":55}},{"text":"* Varies widely across different languages","targetRectangle":{"y":307.06993103027344,"x":151.33333206176758,"width":838.35000000000002,"height":55}},{"text":"* The typical language has about 50 +- 10 ish of these sounds","targetRectangle":{"y":362.06993103027344,"x":151.33333206176758,"width":1231.4660000000008,"height":55}},{"text":"* Universal standards:","targetRectangle":{"y":417.06993103027344,"x":151.33333206176758,"width":435.66599999999994,"height":55}},{"text":"* X-SAMPA (ASCII)","targetRectangle":{"y":472.06993103027344,"x":205.33333206176758,"width":361.37600000000009,"height":55}},{"text":"* Homophone: Phoneme that maps to 2 or more words","targetRectangle":{"y":527.06993103027344,"x":151.33333206176758,"width":1099.8600000000006,"height":55}},{"text":"Phone:","targetRectangle":{"y":582.06993103027344,"x":61.333332061767578,"width":140.53000000000003,"height":55}},{"text":"* The actual sound referred to by a phoneme","targetRectangle":{"y":637.06993103027344,"x":151.33333206176758,"width":901.60000000000036,"height":55}},{"text":"Allophone: ","targetRectangle":{"y":692.06993103027344,"x":61.333332061767578,"width":229.08000000000004,"height":55}},{"text":"* Multiple phones that refer to the same phoneme (context usually disambiguates)","targetRectangle":{"y":747.06993103027344,"x":151.33333206176758,"width":1637.8299999999995,"height":55}},{"text":"Grapheme:","targetRectangle":{"y":802.06993103027344,"x":61.333332061767578,"width":225.67600000000004,"height":55}},{"text":"* Sequence of characters referred to by a phoneme","targetRectangle":{"y":857.06993103027344,"x":151.33333206176758,"width":1033.2060000000004,"height":55}},{"text":"Morpheme:","targetRectangle":{"y":912.06993103027344,"x":61.333332061767578,"width":229.95400000000001,"height":55}},{"text":"* Minimal unit of meaning (deals with semantics)","targetRectangle":{"y":967.06993103027344,"x":151.33333206176758,"width":958.64000000000033,"height":55}},{"text":" Phonetic units","targetRectangle":{"y":4,"x":40,"width":471.65999999999997,"height":84}},{"text":"￼","targetRectangle":{"y":1038.7800302505493,"x":1895.3669821500662,"width":11.329999999999927,"height":26}}],"baseLayer":{"animations":[],"initialState":{"affineTransform":[1,0,0,1,0,0],"masksToBounds":false,"rotation":0,"scale":1,"position":{"pointX":960,"pointY":540},"width":1920,"sublayerTransform":[1,0,0,0,0,1,0,0,0,0,1,0,0,0,0,1],"contentsRect":{"y":0,"x":0,"width":1,"height":1},"opacity":1,"edgeAntialiasingMask":251658240,"height":1080,"hidden":false,"anchorPoint":{"pointX":0.5,"pointY":0.5}},"objectID":"0","layers":[{"animations":[],"initialState":{"affineTransform":[1,0,0,1,0,0],"masksToBounds":false,"rotation":0,"scale":1,"position":{"pointX":960,"pointY":540},"width":1920,"sublayerTransform":[1,0,0,0,0,1,0,0,0,0,1,-0.00035007912466775983,0,0,0,1],"contentsRect":{"y":0,"x":0,"width":1,"height":1},"opacity":1,"edgeAntialiasingMask":251658240,"height":1080,"hidden":false,"anchorPoint":{"pointX":0.5,"pointY":0.5}},"layers":[{"animations":[],"layers":[],"texturedRectangle":{"isBackgroundTexture":false,"singleTextureOpacity":1,"textureType":0,"textBaseline":0,"textXHeight":0,"isVerticalText":false},"initialState":{"affineTransform":[1,0,0,1,0,0],"masksToBounds":false,"rotation":0,"scale":1,"position":{"pointX":960,"pointY":540},"width":1920,"sublayerTransform":[1,0,0,0,0,1,0,0,0,0,1,0,0,0,0,1],"contentsRect":{"y":0,"x":0,"width":1,"height":1},"opacity":1,"edgeAntialiasingMask":0,"height":1080,"hidden":false,"anchorPoint":{"pointX":0.5,"pointY":0.5}},"texture":"4B0405A4344CBF4920B5256CF65AD258"}]}]}}]}