{"assets":{"900BDA385DBF1A31EE3D235EC8375263":{"type":"texture","index":0,"assetRequest":{"type":"slide","state":"contents","slide":"none"},"url":{"native":"assets\/D78E2AD9-C4F1-45A6-A042-DC201F8E47FC.pdf"},"width":1920,"height":1080},"AD2C3BA4C949EF17E26FAE98B8918CC6":{"type":"texture","index":1,"assetRequest":{"type":"slide","state":"contents","slide":"none"},"url":{"native":"assets\/D78E2AD9-C4F1-45A6-A042-DC201F8E47FC.pdf"},"width":1920,"height":1080}},"events":[{"effects":[{"beginTime":0,"baseLayer":{"animations":[],"initialState":{"affineTransform":[1,0,0,1,0,0],"masksToBounds":false,"rotation":0,"scale":1,"position":{"pointX":960,"pointY":540},"width":1920,"sublayerTransform":[1,0,0,0,0,1,0,0,0,0,1,0,0,0,0,1],"contentsRect":{"y":0,"x":0,"width":1,"height":1},"opacity":1,"edgeAntialiasingMask":251658240,"height":1080,"hidden":false,"anchorPoint":{"pointX":0.5,"pointY":0.5}},"objectID":"0","layers":[{"animations":[],"initialState":{"affineTransform":[1,0,0,1,0,0],"masksToBounds":false,"rotation":0,"scale":1,"position":{"pointX":960,"pointY":540},"width":1920,"sublayerTransform":[1,0,0,0,0,1,0,0,0,0,1,-0.00035007912466775983,0,0,0,1],"contentsRect":{"y":0,"x":0,"width":1,"height":1},"opacity":1,"edgeAntialiasingMask":251658240,"height":1080,"hidden":false,"anchorPoint":{"pointX":0.5,"pointY":0.5}},"layers":[{"animations":[],"layers":[],"texturedRectangle":{"isBackgroundTexture":false,"singleTextureOpacity":1,"textureType":0,"textBaseline":0,"textXHeight":0,"isVerticalText":false},"initialState":{"affineTransform":[1,0,0,1,0,0],"masksToBounds":false,"rotation":0,"scale":1,"position":{"pointX":960,"pointY":540},"width":1920,"sublayerTransform":[1,0,0,0,0,1,0,0,0,0,1,0,0,0,0,1],"contentsRect":{"y":0,"x":0,"width":1,"height":1},"opacity":1,"edgeAntialiasingMask":0,"height":1080,"hidden":false,"anchorPoint":{"pointX":0.5,"pointY":0.5}},"texture":"AD2C3BA4C949EF17E26FAE98B8918CC6"},{"animations":[{"additive":false,"timeOffset":0,"beginTime":0,"from":{"scalar":false},"repeatCount":0,"fillMode":"both","duration":0.01,"autoreverses":false,"property":"hidden","to":{"scalar":true},"removedOnCompletion":false}],"layers":[],"texturedRectangle":{"isBackgroundTexture":false,"singleTextureOpacity":1,"textureType":0,"textBaseline":0,"textXHeight":0,"isVerticalText":false},"initialState":{"affineTransform":[1,0,0,1,0,0],"masksToBounds":false,"rotation":0,"scale":1,"position":{"pointX":960,"pointY":540},"width":1920,"sublayerTransform":[1,0,0,0,0,1,0,0,0,0,1,0,0,0,0,1],"contentsRect":{"y":0,"x":0,"width":1,"height":1},"opacity":1,"edgeAntialiasingMask":0,"height":1080,"hidden":false,"anchorPoint":{"pointX":0.5,"pointY":0.5}},"texture":"900BDA385DBF1A31EE3D235EC8375263"}]}]},"effects":[],"duration":0.01,"type":"transition","attributes":{"direction":0},"name":"none","objectID":"0"}],"automaticPlay":false,"hyperlinks":[],"accessibility":[{"text":"[1] Porter, 1980","targetRectangle":{"y":1.4291607141494751,"x":1659.801459312439,"width":251.63999999999987,"height":47.639999270439148}},{"text":"The process of removing word suffixes according to rules","targetRectangle":{"y":134,"x":85.83333432674408,"width":1251.3000000000002,"height":61}},{"text":"Overstemming: When words with different canonical stems get reduced to the same root","targetRectangle":{"y":378,"x":49.83333432674408,"width":1752.1000000000001,"height":122}},{"text":"Understemming: When words with same canonical stem get reduced to different roots","targetRectangle":{"y":683,"x":49.83333432674408,"width":1805.0999999999999,"height":122}},{"text":"For English this is often performed using Porter’s algorithm [1]","targetRectangle":{"y":988,"x":85.83333432674408,"width":1332.4000000000001,"height":61}},{"text":"￼","targetRectangle":{"y":1038.7800302505493,"x":1891.6379821178416,"width":18.788000000000011,"height":26}},{"text":"Stemming","targetRectangle":{"y":4,"x":40,"width":322.07000000000005,"height":84}},{"text":"universe   -> univers","targetRectangle":{"y":461.44947814941406,"x":344.14602661132812,"width":378.0615234375,"height":42.199999809265137}},{"text":"universal  -> univers ","targetRectangle":{"y":503.6494779586792,"x":344.14602661132812,"width":396.064453125,"height":42.199999809265137}},{"text":"university -> univers","targetRectangle":{"y":545.84947776794434,"x":344.14602661132812,"width":378.0615234375,"height":35}},{"text":"alumnus -> alumnu ","targetRectangle":{"y":784.96430969238281,"x":344.14602661132812,"width":324.052734375,"height":42.199999809265137}},{"text":"alumni  -> alumni ","targetRectangle":{"y":827.16430950164795,"x":344.14602661132812,"width":324.052734375,"height":42.199999809265137}},{"text":"alumna  -> alumna","targetRectangle":{"y":869.36430931091309,"x":344.14602661132812,"width":306.0498046875,"height":35}},{"text":"connect    -> connect","targetRectangle":{"y":148.04854130744934,"x":1366.1729736328125,"width":369.24007827602327,"height":42.199999809265137}},{"text":"connects   -> connect ","targetRectangle":{"y":190.24854111671448,"x":1366.1729736328125,"width":386.82293914631009,"height":42.199999809265137}},{"text":"connected  -> connect","targetRectangle":{"y":232.44854092597961,"x":1366.1729736328125,"width":369.24007827602327,"height":42.199999809265137}},{"text":"connection -> connect","targetRectangle":{"y":274.64854073524475,"x":1366.1729736328125,"width":369.24007827602327,"height":35}}],"baseLayer":{"animations":[],"initialState":{"affineTransform":[1,0,0,1,0,0],"masksToBounds":false,"rotation":0,"scale":1,"position":{"pointX":960,"pointY":540},"width":1920,"sublayerTransform":[1,0,0,0,0,1,0,0,0,0,1,0,0,0,0,1],"contentsRect":{"y":0,"x":0,"width":1,"height":1},"opacity":1,"edgeAntialiasingMask":251658240,"height":1080,"hidden":false,"anchorPoint":{"pointX":0.5,"pointY":0.5}},"objectID":"0","layers":[{"animations":[],"initialState":{"affineTransform":[1,0,0,1,0,0],"masksToBounds":false,"rotation":0,"scale":1,"position":{"pointX":960,"pointY":540},"width":1920,"sublayerTransform":[1,0,0,0,0,1,0,0,0,0,1,-0.00035007912466775983,0,0,0,1],"contentsRect":{"y":0,"x":0,"width":1,"height":1},"opacity":1,"edgeAntialiasingMask":251658240,"height":1080,"hidden":false,"anchorPoint":{"pointX":0.5,"pointY":0.5}},"layers":[{"animations":[],"layers":[],"texturedRectangle":{"isBackgroundTexture":false,"singleTextureOpacity":1,"textureType":0,"textBaseline":0,"textXHeight":0,"isVerticalText":false},"initialState":{"affineTransform":[1,0,0,1,0,0],"masksToBounds":false,"rotation":0,"scale":1,"position":{"pointX":960,"pointY":540},"width":1920,"sublayerTransform":[1,0,0,0,0,1,0,0,0,0,1,0,0,0,0,1],"contentsRect":{"y":0,"x":0,"width":1,"height":1},"opacity":1,"edgeAntialiasingMask":0,"height":1080,"hidden":false,"anchorPoint":{"pointX":0.5,"pointY":0.5}},"texture":"900BDA385DBF1A31EE3D235EC8375263"}]}]}}]}