{"autoplayTransitionDelay":5,"author":"","timestamp":"2021-11-17 19:10:5","loopSlideshow":0,"filename":"lecture-08.key","autoplayBuildDelay":2,"comment":"","title":"lecture-08.key","showMode":0,"creator":"Apple Keynote 11.1","slideList":["3860B916-F918-4E87-9C56-12C349CDFDEB","F18410C4-CA73-4432-B42A-534FFF20C3DB","A87F1303-788B-461E-A0ED-9DFB8B8B26D2","F0BF5D8F-4995-4270-9141-AFA3296D9BC8"],"soundtrack":{"mode":0,"volume":1},"slideWidth":1920,"slideHeight":1080,"slideCount":4,"majorVersion":1,"minorVersion":2,"fonts":["CourierNewPSMT","HelveticaNeue","ProximaNova-Regular","Graphik-RegularItalic","ProximaNova-Bold","Helvetica","Graphik-Medium","Graphik-Regular","Graphik-Semibold"]}