{"assets":{"9307D0AEA3153ABE5E3BCF376B48E1F3":{"type":"texture","index":0,"assetRequest":{"type":"slide","state":"contents","slide":"none"},"url":{"native":"assets\/A328F463-B765-4465-B12C-51AAAA80356A.pdf"},"width":1920,"height":1080},"3F9C3222281007E69B789BFF196D7742":{"type":"texture","index":1,"assetRequest":{"type":"slide","state":"contents","slide":"none"},"url":{"native":"assets\/A328F463-B765-4465-B12C-51AAAA80356A.pdf"},"width":1920,"height":1080}},"events":[{"effects":[{"beginTime":0,"baseLayer":{"animations":[],"initialState":{"affineTransform":[1,0,0,1,0,0],"masksToBounds":false,"rotation":0,"scale":1,"position":{"pointX":960,"pointY":540},"width":1920,"sublayerTransform":[1,0,0,0,0,1,0,0,0,0,1,0,0,0,0,1],"contentsRect":{"y":0,"x":0,"width":1,"height":1},"opacity":1,"edgeAntialiasingMask":251658240,"height":1080,"hidden":false,"anchorPoint":{"pointX":0.5,"pointY":0.5}},"objectID":"0","layers":[{"animations":[],"initialState":{"affineTransform":[1,0,0,1,0,0],"masksToBounds":false,"rotation":0,"scale":1,"position":{"pointX":960,"pointY":540},"width":1920,"sublayerTransform":[1,0,0,0,0,1,0,0,0,0,1,-0.00035007912466775983,0,0,0,1],"contentsRect":{"y":0,"x":0,"width":1,"height":1},"opacity":1,"edgeAntialiasingMask":251658240,"height":1080,"hidden":false,"anchorPoint":{"pointX":0.5,"pointY":0.5}},"layers":[{"animations":[],"layers":[],"texturedRectangle":{"isBackgroundTexture":false,"singleTextureOpacity":1,"textureType":0,"textBaseline":0,"textXHeight":0,"isVerticalText":false},"initialState":{"affineTransform":[1,0,0,1,0,0],"masksToBounds":false,"rotation":0,"scale":1,"position":{"pointX":960,"pointY":540},"width":1920,"sublayerTransform":[1,0,0,0,0,1,0,0,0,0,1,0,0,0,0,1],"contentsRect":{"y":0,"x":0,"width":1,"height":1},"opacity":1,"edgeAntialiasingMask":0,"height":1080,"hidden":false,"anchorPoint":{"pointX":0.5,"pointY":0.5}},"texture":"3F9C3222281007E69B789BFF196D7742"},{"animations":[{"additive":false,"timeOffset":0,"beginTime":0,"from":{"scalar":false},"repeatCount":0,"fillMode":"both","duration":0.01,"autoreverses":false,"property":"hidden","to":{"scalar":true},"removedOnCompletion":false}],"layers":[],"texturedRectangle":{"isBackgroundTexture":false,"singleTextureOpacity":1,"textureType":0,"textBaseline":0,"textXHeight":0,"isVerticalText":false},"initialState":{"affineTransform":[1,0,0,1,0,0],"masksToBounds":false,"rotation":0,"scale":1,"position":{"pointX":960,"pointY":540},"width":1920,"sublayerTransform":[1,0,0,0,0,1,0,0,0,0,1,0,0,0,0,1],"contentsRect":{"y":0,"x":0,"width":1,"height":1},"opacity":1,"edgeAntialiasingMask":0,"height":1080,"hidden":false,"anchorPoint":{"pointX":0.5,"pointY":0.5}},"texture":"9307D0AEA3153ABE5E3BCF376B48E1F3"}]}]},"effects":[],"duration":0.01,"type":"transition","attributes":{"direction":0},"name":"none","objectID":"0"}],"automaticPlay":false,"hyperlinks":[],"accessibility":[{"text":"Attention based alignment","targetRectangle":{"y":790.64209449291229,"x":259.24904727935791,"width":298.34400000000005,"height":30.759999513626099}},{"text":"Work on ASR w\/neural networks begins","targetRectangle":{"y":425.10644996166229,"x":259.39158630371094,"width":438.48000000000002,"height":30.759999513626099}},{"text":"Google productionalizes DNN-based ASR system","targetRectangle":{"y":742.29687964916229,"x":260.29200649261475,"width":547.41599999999994,"height":30.759999513626099}},{"text":"Screen Shot 2021-11-10 at 8.47.30 PM.png","targetRectangle":{"y":189.64354705810547,"x":921.1015625,"width":875,"height":342}},{"text":"ASR systems evolution","targetRectangle":{"y":4,"x":40,"width":723.45000000000005,"height":84}},{"text":"Dynamic Time Warping (DTW)","targetRectangle":{"y":150.93579566478729,"x":260.22864007949829,"width":333.64800000000014,"height":30.759999513626099}},{"text":"Deep Recurrent Neural Networks","targetRectangle":{"y":693.95172584056854,"x":260.94759273529053,"width":367.36799999999994,"height":30.759999513626099}},{"text":"Screen Shot 2021-11-10 at 8.48.43 PM.png","targetRectangle":{"y":630.76107788085938,"x":895.1015625,"width":927,"height":243}},{"text":"Hidden Markov Models (HMMs)","targetRectangle":{"y":273.56738746166229,"x":260.05558776855469,"width":349.15200000000004,"height":30.759999513626099}},{"text":"Hannun, 2021","targetRectangle":{"y":898.58259475231171,"x":1722.595061767578,"width":108.11200000000008,"height":21.839999675750732}},{"text":"Neural language model decoding","targetRectangle":{"y":838.98724830150604,"x":256.96359443664551,"width":375.33600000000001,"height":30.759999513626099}},{"text":"1960s","targetRectangle":{"y":142.06993103027344,"x":61.333332061767578,"width":119.50800000000001,"height":55}},{"text":"1970s","targetRectangle":{"y":252.06993103027344,"x":61.333332061767578,"width":116.012,"height":55}},{"text":"1980s","targetRectangle":{"y":362.06993103027344,"x":61.333332061767578,"width":119.048,"height":55}},{"text":"1990s","targetRectangle":{"y":472.06993103027344,"x":61.333332061767578,"width":119.50800000000001,"height":55}},{"text":"2000s","targetRectangle":{"y":582.06993103027344,"x":61.333332061767578,"width":132.89400000000001,"height":55}},{"text":"2010s","targetRectangle":{"y":692.06993103027344,"x":61.333332061767578,"width":120.33600000000001,"height":55}},{"text":"2021","targetRectangle":{"y":912.06993103027344,"x":61.333332061767578,"width":97.841999999999985,"height":55}},{"text":"￼","targetRectangle":{"y":1038.7800302505493,"x":1894.5419827170845,"width":12.980000000000018,"height":26}},{"text":"Transformer-based systems are SOTA","targetRectangle":{"y":887.33240211009979,"x":256.97578811645508,"width":418.67999999999995,"height":30.759999513626099}},{"text":"GMM + HMM","targetRectangle":{"y":535.35651099681854,"x":257.83369541168213,"width":143.27999999999997,"height":30.759999513626099}},{"text":"Connectionist Temporal Classification algorithm","targetRectangle":{"y":638.82672584056854,"x":261.03598880767822,"width":539.928,"height":30.759999513626099}}],"baseLayer":{"animations":[],"initialState":{"affineTransform":[1,0,0,1,0,0],"masksToBounds":false,"rotation":0,"scale":1,"position":{"pointX":960,"pointY":540},"width":1920,"sublayerTransform":[1,0,0,0,0,1,0,0,0,0,1,0,0,0,0,1],"contentsRect":{"y":0,"x":0,"width":1,"height":1},"opacity":1,"edgeAntialiasingMask":251658240,"height":1080,"hidden":false,"anchorPoint":{"pointX":0.5,"pointY":0.5}},"objectID":"0","layers":[{"animations":[],"initialState":{"affineTransform":[1,0,0,1,0,0],"masksToBounds":false,"rotation":0,"scale":1,"position":{"pointX":960,"pointY":540},"width":1920,"sublayerTransform":[1,0,0,0,0,1,0,0,0,0,1,-0.00035007912466775983,0,0,0,1],"contentsRect":{"y":0,"x":0,"width":1,"height":1},"opacity":1,"edgeAntialiasingMask":251658240,"height":1080,"hidden":false,"anchorPoint":{"pointX":0.5,"pointY":0.5}},"layers":[{"animations":[],"layers":[],"texturedRectangle":{"isBackgroundTexture":false,"singleTextureOpacity":1,"textureType":0,"textBaseline":0,"textXHeight":0,"isVerticalText":false},"initialState":{"affineTransform":[1,0,0,1,0,0],"masksToBounds":false,"rotation":0,"scale":1,"position":{"pointX":960,"pointY":540},"width":1920,"sublayerTransform":[1,0,0,0,0,1,0,0,0,0,1,0,0,0,0,1],"contentsRect":{"y":0,"x":0,"width":1,"height":1},"opacity":1,"edgeAntialiasingMask":0,"height":1080,"hidden":false,"anchorPoint":{"pointX":0.5,"pointY":0.5}},"texture":"9307D0AEA3153ABE5E3BCF376B48E1F3"}]}]}}]}